GGAATCTGGACAATTC,2201
CAGAAGAAGACAATTC,2464
AACTTCAGACAATTC,2527
CGAACCAGACAATTC,3082
GTCTACGCACAATTC,3367
TGCTTCTTCCCAATTC,3603
ATTAGCTCCAATTC,3723
CTCAGGTAACAATTC,3781
GTCGCGTTCCCAATTC,3993
CTCTGATCGACAATTC,4464
GGCGGCAGCAATTC,4464
GATACGGCACAATTC,4699
CGGCAATCCAATTC,4843
AGGATTAAGACAATTC,4927
AACTCAGCACAATTC,5034
TAATAACTCCCAATTC,5167
GAGATCTCACAATTC,5202
CAGCAGAACAATTC,5496
GTCATTACCAATTC,5538
TGACTCTCCAATTC,5811
ATTGGAAGGACAATTC,5960
TAACCAGCAACAATTC,6665
ACGACCGCACAATTC,6742
CCAATTAACCAATTC,7447
CGCGAATAGACAATTC,7912
GCTGCGTAACAATTC,8007
AATCGAAGACAATTC,8776
TAGAACGAACAATTC,8833
GTTCTCAACAATTC,9001
GTTCCGGCCAATTC,9028
AGCTAAGACAATTC,9049
TATACGGAGACAATTC,9113
GACGCAAGAACAATTC,9369
AGCCTCGCACAATTC,9592
TGAGTACCTACAATTC,9708
GCATATCACAATTC,9996
TGGACCAGAACAATTC,10075
GCCTTATACAATTC,10302
GTAACCTAACAATTC,10631
AGAGACTCACAATTC,10855
GCATCAGAACAATTC,11036
AACCAGATACAATTC,11167
AGCCTGGCAACAATTC,11328
GGTCAGTTCAATTC,11621
TTGCGATCACAATTC,11663
GGCAAGTCACAATTC,11727
TCAGCGTACCCAATTC,12148
CTATGCTCACAATTC,12290
GCTCTGAACCAATTC,12459
TGGCGGCTCCCAATTC,12856
GGTTGAAGAACAATTC,12975
GCGACCAACCAATTC,13030
GAATATTCACAATTC,13524
GGTAGGAACAATTC,13608
CGCAACGCCAATTC,13647
GTATAGCAACAATTC,13746
GATAGATAACAATTC,13822
AGGCGCAGCACAATTC,13873
ACTAACTAACCAATTC,13880
ATATCCAACCCAATTC,14081
TCCGCTGCACAATTC,14369
TGAAGCCAACAATTC,14435
GCCTCTCTACAATTC,14751
CAGTAGGTACAATTC,14899
AGCATGCTCACAATTC,15120
CGTCGGAGACCAATTC,15332
ATAAGAGAACAATTC,15535
GAAGGAGCACAATTC,16212
CTATAAGACCAATTC,16295
ATACTCAAGACAATTC,16389
GGTTAACCACAATTC,16679
GATACGCCAACAATTC,17030
CTCCGAAGAACAATTC,17436
CGAACCAAGACAATTC,17993
GCCGCTCCAACAATTC,18970
CATGCAGAACAATTC,19021
GAGCTTCACAATTC,19292
ACGAGTCAACAATTC,19675
GTATAGCCAACAATTC,20088
TGAGAAGAACAATTC,20339
TCCATATCAACAATTC,20618
CGGTCCTTGACAATTC,20642
AGACGCAACAATTC,21019
AATATGGATCCAATTC,21101
GGAGCGCCACAATTC,21416
CAGCGCAGCCAATTC,21553
AGTAGTTCCCAATTC,21579
TTAGCGGACCAATTC,21758
TCAAGAAGAACAATTC,22440
GATCAACCCAATTC,22674
ACTCATGCCCAATTC,22789
TTATCGCCCAATTC,22922
GAGGTAAGACAATTC,23704
TCTGGCAACAATTC,24485
TGCGAAGCAACAATTC,24510
GCTATCGGACAATTC,24863
GGTAATGCAACAATTC,25550
GACGAGACCAATTC,25794
ACGCCGTTGACAATTC,25968
CTCGGTATACAATTC,26587
CTCATAAGACAATTC,26623
GATCGTCCACAATTC,26722
TACTTGCAACAATTC,26758
TCAAGGTCCCAATTC,26828
AACCAATTGCCAATTC,27496
AGGTAACCAACAATTC,28050
TTACGCTCAACAATTC,28138
CGCTACTTACAATTC,29532
ATTAGCAGACCAATTC,29576
TGGCATCTCAATTC,29931
GCGCAAGACAATTC,30335
CGCCAGCAACAATTC,30752
CTGATACCAACAATTC,30783
ATAATGCCACAATTC,30798
TATAAGGACAATTC,31221
GCAGTTCAACAATTC,31582
GGCGTATTCACAATTC,32041
CCAACGCAACAATTC,32097
CTTCATCACAATTC,32217
TAGTAATACAATTC,32322
GCGCGGATACAATTC,32630
AGCTCGGACCAATTC,33095
CATCGAGCCCAATTC,33099
ATAATCCACAATTC,33735
TAGCATATGACAATTC,33979
CCTTATCAACAATTC,34653
AGAACCGCAACAATTC,35775
GGTACTCAACAATTC,35907
ATTCGCGTCACAATTC,36799
TGCGGCAATACAATTC,36966
GAGCCGCAACAATTC,37383
CTATCGGCCACAATTC,37452
CTTCAATAACAATTC,37586
TTCAATTACAATTC,38283
CTCAGCAACAATTC,38758
TTAATGGTACCAATTC,39053
GTTGGCCAACAATTC,39210
CAAGAGTCCCAATTC,39328
TAGGCTACCAATTC,39884
AAGAGGTACAATTC,40324
GAGAATCATCCAATTC,40551
CCGCGCGAACAATTC,40629
TCTCTCCAACAATTC,40836
GCGTTACTGCCAATTC,42912
CCATGGAACAATTC,43096
CGAACGCACAATTC,43737
GAACGCTCCCAATTC,44444
CAACGCTTCAATTC,44770
CATCTCAGCACAATTC,44963
GTCCGCAGACAATTC,45748
AATTACCACAATTC,46518
CAGAGAGCCACAATTC,47496
GACCATACTCCAATTC,48708
AATGCAGGCACAATTC,48861
ACCGTTACCACAATTC,49270
TCCTCTTGAACAATTC,49791
TTACCTAACAATTC,50232
ACTGACGAACAATTC,51420
AGTCATCTACAATTC,51868
ATGGATAACAATTC,52899
GATTCATTGCCAATTC,53053
GGCGCCGAACAATTC,53233
GTCCTAACCACAATTC,53379
CGAGCCTACCAATTC,54440
CTGATGGACAATTC,54986
GATGCGCACAATTC,55004
TTACGCAACCAATTC,55103
GTATTAACCCAATTC,55521
TCTGCCATCCCAATTC,55535
CCAATTCCTCCAATTC,55792
TGAGCTGCCACAATTC,57145
GTCGACCACAATTC,57362
TATTCTATCACAATTC,57935
CTTAAGACCAATTC,58346
ACGCCGCACAATTC,58349
ACGAGCAGCAATTC,58782
AAGCCAACCACAATTC,59448
TGGCAGGCACAATTC,60035
ATAGAGGTACAATTC,61888
TCCATAGAACAATTC,61946
GCGCGGATCAATTC,62687
CCAGTTCTGACAATTC,62752
AACCGCCAACAATTC,63403
ACCTCGTCCACAATTC,63829
GATGACGAGCCAATTC,64053
AATAAGCAACAATTC,64445
AGGCCAGAACAATTC,65678
TCCTGAAGCCAATTC,66441
TGGTCCAATCCAATTC,67071
GAAGTATACCAATTC,67927
TCTTACGATCCAATTC,68370
TTCAGCTAGACAATTC,68745
TCCGCTCACAATTC,72209
CTCCTAGATCCAATTC,73172
CGGAGGCCACAATTC,73528
CGGTCTGCACAATTC,73847
GGACCTCCCAATTC,74774
CATACTAACAATTC,75990
TATATAACCCAATTC,78242
GAATATGCGCCAATTC,78966
AAGCCATAACCAATTC,78977
TCTCGCATAACAATTC,79028
TTATATACTCCAATTC,79115
TTCTCATAACAATTC,80222
TAACGGTAACAATTC,81416
AGCAGTCACAATTC,84318
CGTCAGCCAACAATTC,85333
GCGTAAGCCCAATTC,85463
CATCCTCTGCCAATTC,85660
TGCAACTTAACAATTC,86284
CCTCGAACCACAATTC,87356
AACCTCTGACCAATTC,89349
AGGTACCAACAATTC,95026
ACCAAGCCAACAATTC,95653
CGACTGGCCCAATTC,95801
GGAATGGAACAATTC,99405
ATAAGAACCACAATTC,99764
CGTAACGCACAATTC,99790
TCTACGAGCAATTC,104494
ACGTCTTCGCCAATTC,104786
AAGCCAACCCAATTC,105813
ATGAGGAACCAATTC,108023
GTTACTTGCAATTC,111375
GGCTCAAGACAATTC,112375
GTCAGACCACAATTC,112805
TTGAAGCCGCCAATTC,113925
CATAATTGCACAATTC,115465
TCGCGACCAACAATTC,116539
GCCGACGATACAATTC,117596
GCTTGCCTCACAATTC,118592
ACGGCCTCCAATTC,119501
CAACTTGAACAATTC,119721
ACTTCCATCAATTC,120031
GGCGCAGCCAATTC,120277
CATATCCGGCCAATTC,120430
CCAGTCGCACAATTC,125999
TCTTATCCAACAATTC,129816
GGAGGCCAACCAATTC,130734
ACCGCGACCCAATTC,130991
CCAGAGCCCAATTC,131717
TACGCGTCGCCAATTC,133050
CAACTTACCAATTC,133735
ACCATACGCAATTC,136055
ACTAGGCAGCCAATTC,136699
CTAACCGTTACAATTC,137638
GCGAATTCCAATTC,139476
CGCGCATCACAATTC,142920
AGAGTTGACCAATTC,144312
GCTTACGCCAATTC,146046
TTCGTAGACAATTC,146763
ACTAATCTCACAATTC,149308
TAAGATAGACAATTC,154282
AATCCTTAACAATTC,156223
GTCTCGAACAATTC,157349
CCTAGCTACCAATTC,158900
TGGCTAGAGCCAATTC,159699
TTATTCGAACAATTC,160044
CAGTCCTAACAATTC,160871
TCATTGCTTACAATTC,163035
AGATTATAACAATTC,163646
AGGTCGATACAATTC,170698
TATAACTATACAATTC,172417
CCGCCGTCCCAATTC,173395
GGAATAGACAATTC,173959
ATGAAGCGCAATTC,173995
TAACTTCGCCCAATTC,174704
CCGCCTACTACAATTC,176699
ATGGTAGCACAATTC,177386
TATCTGACGCCAATTC,178619
GACCGCGACAATTC,181641
GTTATACTCAATTC,187161
GACGAGCGACAATTC,187288
GTTGAAGGACAATTC,189649
TTGATTATGCCAATTC,190649
AATCCAGACAATTC,192297
CAACCGAACCAATTC,192319
TATTACCGACAATTC,192626
CGAAGATGGCCAATTC,195802
AGTCGCGACCAATTC,197451
GTATTATTCCCAATTC,197538
ATCGCGCAACAATTC,205438
TTACCTCAACAATTC,206575
TATGAGCGGCCAATTC,208768
CTCCTTCCACAATTC,214296
CCAGGATAACAATTC,219622
CCGTCAAGAACAATTC,223814
TTGGTAAGAACAATTC,225801
AACTCGGCCAATTC,225911
TGCGATTGCCCAATTC,226913
GAACCAATACAATTC,228678
AGCCAGCCCAATTC,231260
ATTCTGGAACAATTC,234167
CGCTCAACCACAATTC,247057
GCGCGGATGCCAATTC,247476
AATGCCATACAATTC,252272
AGATGCGGACAATTC,252395
AGCAACGCGCCAATTC,257052
CCTATACCACAATTC,257795
AGAGTCTGCCCAATTC,264070
ATCTCCTTGCCAATTC,266347
CCAGTCTACAATTC,267152
TTCTCTGGCCCAATTC,271978
GGACCTCTTACAATTC,278903
TTCAACTGACAATTC,281269
GTTGCGCTTACAATTC,287080
GAAGTACGCAATTC,287191
CATATGGTCACAATTC,289355
GCCGGCTCACAATTC,290434
ACTGAATACAATTC,295366
GAATTCCTACAATTC,301981
CTTATTACCACAATTC,306870
GGTTGATCCAATTC,306883
GTACGGCACAATTC,309427
AGCGTAATCAATTC,319048
TCCGCGATTACAATTC,319656
TGGTCTGGTACAATTC,328281
ACTACTCCCAATTC,329496
ACTCTTAGCAATTC,339194
CGCCATTCCCAATTC,340644
CTGAAGGCCCAATTC,356216
GAGGCTGACCAATTC,357583
GCGTTGCCACAATTC,358466
AGCAGAATACAATTC,362446
ACTCCGCCACAATTC,364535
GAGGCTAAGCCAATTC,365846
AAGGACGCCCAATTC,375426
CAGTATCCCAATTC,378785
GTTGAAGGCAATTC,383850
ACGTTCGACAATTC,388605
TTGGTTACCCAATTC,391462
CATGACTCCAATTC,405096
GCCATGGCCCAATTC,405633
GCCTCTCGGCCAATTC,408682
CCGCGTTACAATTC,414564
CTCGGTCCCAATTC,419334
ACCTAGTAACAATTC,420251
CTAACTGCCAATTC,431190
AGGCAGTACCAATTC,435181
AACTCTCGCACAATTC,446547
GGAGGCATACAATTC,456434
GAGACCGCCAATTC,456764
CGCTTGACCAATTC,456914
CCTAGAGACAATTC,460838
AGAACTTGCACAATTC,464057
TAACTACGACAATTC,464476
CGGCGTTGACAATTC,465350
AGGACGGAGCCAATTC,465600
GGAGAAGTTACAATTC,480238
ATCTCCTCCCAATTC,483786
ATAGACGCCAATTC,485138
CAATTAATCACAATTC,496876
TGAGAGAACAATTC,498455
GTAGCATACAATTC,506546
ACCTGAACCAATTC,513310
ATCGGACCAACAATTC,513845
ATATGCTGGACAATTC,514688
AAGGACCAACCAATTC,519549
CTTGCAGCAACAATTC,521846
ATGACTTGACAATTC,522563
AATGGCGGCAATTC,525028
GAAGGTAACAATTC,528093
ACTATGGTCAATTC,559248
ATCCGTTACCAATTC,560640
ATCCGCCGGCCAATTC,584128
CTAACTTCCCAATTC,586156
TGCTGCTACAATTC,597490
GATTCAAGCAATTC,597901
GAACTGGTTACAATTC,601866
GAGAGTACCCAATTC,613094
GTCTGACGCAATTC,614935
CAGTTAATCAATTC,625029
CGGTCCAACAATTC,630395
AGTTAGTTACCAATTC,631489
TCTAGGCGACAATTC,637617
ATATAGTACAATTC,641979
CATTGACCAACAATTC,642545
TCAAGCTTGCCAATTC,646749
TAAGCCGGTACAATTC,651653
AGACGTAAGCCAATTC,676788
ATCCGATACAATTC,692341
CTTGAGCCACAATTC,705146
CGCTGAGAACAATTC,705626
TGCGGTACGCCAATTC,714969
CTGGTCCGCAATTC,741746
AACGCCAACAATTC,745341
CTTGCTAACCAATTC,760220
ACGTCCAAGACAATTC,791014
TTATGCATCACAATTC,792343
CGTCTAGGCAATTC,808677
CGTCTAGGACAATTC,814092
AGACCGTCTACAATTC,822064
TGCCGACTTACAATTC,848613
CAGAGAGGACAATTC,861122
GTCTCGCAACCAATTC,862315
TAGATCAACAATTC,875456
AGTCATTGGACAATTC,878899
CGATATAGCAATTC,897849
CAGGTTAGGACAATTC,903270
TTGAATTACCAATTC,915452
ACTTCGTATCCAATTC,932475
TGGACTGACAATTC,939721
CGGTTCTCCCAATTC,946605
CGAAGAACCCAATTC,955455
ATTGGAACCCAATTC,969164
CCGAATTCACAATTC,990255
CTACTTAGTACAATTC,1009793
CGAGGAAGCACAATTC,1016757
AGCGATAGTACAATTC,1017865
AGCAATGAACAATTC,1036364
TAATCTTACCAATTC,1038415
TAACCATGCAATTC,1053054
CAGGAACGCACAATTC,1068886
TTATATCTGACAATTC,1077526
TTCTTCGTTACAATTC,1079571
GCAAGACCCAATTC,1097584
CTAAGTCGACAATTC,1120761
TCGATGCCCAATTC,1159598
ATGAGGTTGCCAATTC,1162087
TTGGACGGCACAATTC,1168034
TCCAAGGTCACAATTC,1177078
CATGGTTCGCCAATTC,1204209
TCGGAGCAACAATTC,1214821
ATCTATCGACAATTC,1277464
GTCTAGACGCCAATTC,1315610
CGCCTATCTACAATTC,1320271
CTCTAGCTCAATTC,1321617
CCATTAATACAATTC,1327640
CATTACGCCACAATTC,1339214
ACTTGATCACAATTC,1350924
GGAGCTTGGCCAATTC,1399018
GGCCATAACAATTC,1405105
ATCGCTGGCAATTC,1419077
CCATTAGCCAATTC,1431482
TATTGATATCCAATTC,1435524
CTAAGGCCTACAATTC,1440952
TGAGTTGGCAATTC,1443465
ACGTTCGACCAATTC,1444459
CTAATAAGCAATTC,1469810
GGAACCGCCCAATTC,1474904
TTGGCAGAACCAATTC,1478426
AGCCAATGACAATTC,1487717
ACGATATCCCAATTC,1508971
CCTTCAACCCAATTC,1509863
TATTGGACCAATTC,1545896
GCAACCGCGCCAATTC,1548353
AATATAACCAATTC,1550772
TGGACGTAACAATTC,1555659
ATAGTCGTAACAATTC,1558441
CCTCGGCTTACAATTC,1571787
GTTAACTCCCAATTC,1581097
CGCCTCCACAATTC,1652125
CTCCTCGACCAATTC,1731383
ACCTACTGCAATTC,1749232
GAAGTCAGGCCAATTC,1767582
CTCTCATCCAATTC,1771914
TCGTATATACAATTC,1814951
TTGGTCTCTACAATTC,1833117
CGCATTGGTACAATTC,1891748
CATATGCGCAATTC,1917913
ATCAATACCCAATTC,1965898
GATTAGGACCAATTC,2073805
CCTGGCAGACAATTC,2151268
CCAGAACCAACAATTC,2170923
GGCATATATCCAATTC,2172145
GGTTGGTTACAATTC,2184027
TGGCTAATACAATTC,2233071
AGACGACCACAATTC,2234711
TAGCTGGACCAATTC,2238572
CGTCGTATCAATTC,2326362
CAGCCTGGCAATTC,2327738
GGTAGCCTGCCAATTC,2364029
GTCGCTGGTACAATTC,2396256
TTACGAAGGCCAATTC,2443186
TTCAACCAACCAATTC,2479033
TACGGCGGACAATTC,2523577
CTTGCCGACAATTC,2532602
AGACTTAGACAATTC,2590248
CCGGCAGCGCCAATTC,2597928
CTGGATGAACAATTC,2625914
GGTCCGCAGCCAATTC,2641083
AAGGAATAACAATTC,2654356
AGATCTACCCAATTC,2687577
CCGGCGGTCAATTC,2691529
GGTCCATCCCAATTC,2696145
AACCGGAGCAATTC,2696666
GCATGGTAGCCAATTC,2791086
CAATGGAGACAATTC,2809502
CGTTCGCGACAATTC,2846234
ACGTAACTCAATTC,2885645
AAGTTGCTAACAATTC,2941684
AGATAAGAGACAATTC,2979266
GCGGTAACCAATTC,2984302
CAAGGATCTACAATTC,3036369
ACGAAGAGACAATTC,3066573
CCAGGTCGCCCAATTC,3091628
ATGCTTGCCAATTC,3142488
CTGCAGACCACAATTC,3172046
AGCCAAGAACCAATTC,3207477
GGTCCATCAACAATTC,3229895
AGGACGACCAATTC,3406474
CTACGGCAACCAATTC,3450589
CGCGTCCGACAATTC,3550264
ACGTCTCTTACAATTC,3572458
AATTGGAGCACAATTC,3678914
CTGATCCAACAATTC,3721378
TCAACGACGACAATTC,3826609
TTAGCGCTGCCAATTC,3863172
TGCAGATACCAATTC,3887505
ATGGAACTCCCAATTC,4019691
CGGAGACGCAATTC,4104188
AGTTCGCGCAATTC,4165825
TTAACTCCAACAATTC,4205123
GGTAACCGCAATTC,4326602
TCCTCAGGCAATTC,4428298
TCATAATGACAATTC,4434229
GTATTCGGCAATTC,4456551
ACTACGGTTACAATTC,4473352
TCCTACTCTACAATTC,4744435
AGGATACGACAATTC,4782382
AGAACCGGCAATTC,4861622
TAGGAGCCAACAATTC,4863767
GCGCTATAACAATTC,4950566
TTGACCATACAATTC,5053455
ACTTCTAGACAATTC,5203040
ATGCGGCGACAATTC,5277064
GTATGCTCTCCAATTC,5345567
TTGCGAACCAATTC,5570388
AGAGAGAGCCAATTC,5627283