BARCODE_ID,BARCODE,ID
index_8nt_2,aacgccaa,N1_037C_23
index_10nt_2,ccagaaccaa,N1_037C_31
index_8nt_3,cggtccaa,N1_040C_6
index_9nt_3,aggtaccaa,N1_040C_14
index_10nt_3,aggtaaccaa,N1_042C_6
index_8nt_4,ctcagcaa,N1_043C_5
index_9nt_4,tgaagccaa,N1_043C_13
index_8nt_5,agacgcaa,N1_046C_7
index_9nt_5,aaccgccaa,N1_047C_3
index_10nt_5,tcgcgaccaa,N1_047C_11
index_8nt_6,tctggcaa,N1_047C_19
index_9nt_6,gttggccaa,N1_047C_27
index_10nt_6,atcggaccaa,N1_037C_24
index_8nt_7,tagatcaa,N1_037C_32
index_9nt_7,ctgatccaa,N1_040C_7
index_10nt_7,cattgaccaa,N1_040C_15
index_8nt_8,gttctcaa,N1_042C_7
index_9nt_8,tctctccaa,N1_043C_6
index_10nt_8,ctgataccaa,N1_043C_14
index_9nt_9,aataagcaa,N1_046C_8
index_10nt_9,accaagccaa,N1_047C_4
index_8nt_10,cagcagaa,N1_047C_12
index_9nt_10,cgccagcaa,N1_047C_20
index_10nt_10,cgtcagccaa,N1_047C_28
index_8nt_11,tgagagaa,N1_037C_25
index_9nt_11,tcggagcaa,N1_037C_33
index_10nt_11,taggagccaa,N1_040C_8
index_8nt_12,gtctcgaa,N1_041A_1
index_9nt_12,gtatagcaa,N1_042C_8
index_10nt_12,gtatagccaa,N1_043C_7
index_8nt_13,ggtaggaa,N1_046C_1
index_9nt_13,ccaacgcaa,N1_046C_9
index_10nt_13,gatacgccaa,N1_047C_5
index_8nt_14,ccatggaa,N1_047C_13
index_9nt_14,gagccgcaa,N1_047C_21
index_10nt_16,tcttatccaa,N1_047C_29
index_8nt_15,ggccataa,N1_037C_26
index_9nt_15,atcgcgcaa,N1_040C_1
index_10nt_17,ttaactccaa,N1_040C_9
index_8nt_16,atggataa,N1_042C_1
index_9nt_16,tacttgcaa,N1_042C_9
index_10nt_18,gccgctccaa,N1_043C_8
index_8nt_17,catactaa,N1_046C_2
index_9nt_17,ccttatcaa,N1_046C_10
index_10nt_23,tgcgaagcaa,N1_047C_6
index_8nt_18,ttacctaa,N1_047C_14
index_9nt_18,ggtactcaa,N1_047C_22
index_10nt_24,taaccagcaa,N1_047C_30
index_8nt_19,gaaggtaa,N1_037C_27
index_9nt_19,ttacctcaa,N1_040C_2
index_10nt_25,cttgcagcaa,N1_040C_10
index_9nt_20,acgagtcaa,N1_042C_2
index_10nt_31,agaaccgcaa,N1_043C_1
index_8nt_21,gtcgacca,N1_043C_9
index_9nt_21,gcagttcaa,N1_046C_3
index_10nt_37,agcctggcaa,N1_046C_11
index_8nt_22,aattacca,N1_047C_7
index_10nt_38,ggtaatgcaa,N1_047C_15
index_8nt_23,ataatcca,N1_047C_23
index_9nt_23,tgagaagaa,N1_047C_31
index_10nt_41,ggtccatcaa,N1_037C_28
index_8nt_24,cgcctcca,N1_040C_3
index_9nt_24,aggccagaa,N1_040C_11
index_10nt_43,tccatatcaa,N1_042C_3
index_8nt_25,cgaacgca,N1_043C_2
index_9nt_25,catgcagaa,N1_043C_10
index_10nt_47,ttacgctcaa,N1_046C_4
index_8nt_26,acgccgca,N1_046C_12
index_9nt_26,gcatcagaa,N1_047C_8
index_8nt_27,gatgcgca,N1_047C_16
index_9nt_27,ataagagaa,N1_047C_24
index_10nt_56,gacgcaagaa,N1_047C_32
index_8nt_28,gtacggca,N1_037C_29
index_9nt_28,cgctgagaa,N1_040C_4
index_10nt_57,ccgtcaagaa,N1_040C_12
index_8nt_29,cttcatca,N1_042C_4
index_9nt_29,tccatagaa,N1_043C_3
index_10nt_58,tcaagaagaa,N1_043C_11
index_8nt_30,gcatatca,N1_046C_5
index_9nt_30,tagaacgaa,N1_047C_1
index_10nt_59,ctccgaagaa,N1_047C_9
index_8nt_31,tccgctca,N1_047C_17
index_9nt_31,actgacgaa,N1_047C_25
index_10nt_60,ggttgaagaa,N1_047C_33
index_8nt_32,agcagtca,N1_037C_30
index_9nt_32,ggcgccgaa,N1_040C_5
index_10nt_62,ttggtaagaa,N1_040C_13
index_8nt_33,gagcttca,N1_042C_5
index_9nt_33,ccgcgcgaa,N1_043C_4
index_10nt_63,tggaccagaa,N1_043C_12
index_8nt_34,gcgcaaga,N1_046C_6
index_9nt_34,ttattcgaa,N1_047C_2
index_10nt_104,tcctcttgaa,N1_047C_10
index_9nt_35,ggaatggaa,N1_047C_18
index_10nt_114,tctcgcataa,N1_047C_26
index_8nt_36,agctaaga,N1_047C_34
index_9nt_36,attctggaa,N1_047C_35
index_10nt_130,aagttgctaa,N1_049C_1
index_8nt_37,aatccaga,N1_049C_9
index_9nt_37,agcaatgaa,N1_056C_13
index_10nt_138,atagtcgtaa,N1_059C_8
index_8nt_38,cctagaga,N1_059C_16
index_9nt_38,ctggatgaa,N1_059C_24
index_10nt_143,tgcaacttaa,N1_059C_32
index_8nt_39,ggaataga,N1_061C_4
index_9nt_39,caacttgaa,N1_061C_12
index_10nt_148,aagccaacca,N1_061C_20
index_8nt_40,ttcgtaga,N1_062C_7
index_9nt_40,cttcaataa,N1_047C_36
index_8nt_41,cttgccga,N1_049C_2
index_9nt_41,aaggaataa,N1_049C_10
index_10nt_150,cgctcaacca,N1_059C_1
index_8nt_42,gaccgcga,N1_059C_9
index_9nt_42,ttctcataa,N1_059C_17
index_10nt_151,ataagaacca,N1_059C_25
index_8nt_43,acgttcga,N1_059C_33
index_9nt_43,gatagataa,N1_061C_5
index_10nt_152,cctcgaacca,N1_061C_13
index_8nt_44,tataagga,N1_061C_21
index_9nt_44,ccaggataa,N1_062C_8
index_10nt_153,gtcctaacca,N1_047C_37
index_8nt_45,ctgatgga,N1_049C_3
index_9nt_45,gcgctataa,N1_049C_11
index_10nt_155,ctgcagacca,N1_059C_2
index_8nt_46,tggactga,N1_059C_10
index_9nt_46,agattataa,N1_059C_18
index_10nt_162,cttattacca,N1_059C_26
index_8nt_47,actgaata,N1_059C_34
index_9nt_47,gtaacctaa,N1_061C_6
index_10nt_164,accgttacca,N1_061C_14
index_8nt_48,tagtaata,N1_062C_1
index_9nt_48,cagtcctaa,N1_062C_9
index_10nt_165,cagagagcca,N1_047C_38
index_8nt_49,gtagcata,N1_049C_4
index_9nt_49,acctagtaa,N1_049C_12
index_10nt_167,cattacgcca,N1_059C_3
index_8nt_50,atccgata,N1_059C_11
index_9nt_50,tggacgtaa,N1_059C_19
index_10nt_173,ctatcggcca,N1_059C_27
index_8nt_51,gccttata,N1_059C_35
index_9nt_51,gctgcgtaa,N1_061C_7
index_10nt_176,tgagctgcca,N1_061C_15
index_8nt_52,tgctgcta,N1_062C_2
index_9nt_52,ctcaggtaa,N1_062C_10
index_10nt_185,acctcgtcca,N1_047C_39
index_8nt_53,ccagtcta,N1_049C_5
index_9nt_53,taacggtaa,N1_049C_13
index_10nt_188,cgaggaagca,N1_059C_4
index_8nt_54,atatagta,N1_059C_12
index_9nt_54,aatccttaa,N1_059C_20
index_8nt_55,aagaggta,N1_059C_28
index_10nt_191,aggcgcagca,N1_059C_36
index_8nt_56,ttcaatta,N1_061C_8
index_10nt_192,catctcagca,N1_061C_16
index_8nt_57,ccgcgtta,N1_062C_3
index_9nt_57,ggttaacca,N1_062C_11
index_10nt_195,aattggagca,N1_047C_40
index_8nt_58,cctccaac,N1_049C_6
index_9nt_58,gtcagacca,N1_049C_14
index_10nt_200,caggaacgca,N1_059C_5
index_8nt_59,ttgcgaac,N1_059C_13
index_9nt_59,agacgacca,N1_059C_21
index_10nt_211,aactctcgca,N1_059C_29
index_9nt_60,cctatacca,N1_061C_1
index_10nt_213,aatgcaggca,N1_061C_9
index_8nt_61,acctgaac,N1_061C_17
index_9nt_61,cttgagcca,N1_062C_4
index_10nt_215,ttggacggca,N1_062C_12
index_8nt_62,aatataac,N1_047C_41
index_9nt_62,actccgcca,N1_049C_7
index_10nt_218,ttaattggca,N1_049C_15
index_8nt_63,gcggtaac,N1_059C_6
index_9nt_63,ggagcgcca,N1_059C_14
index_10nt_221,cataattgca,N1_059C_22
index_8nt_64,cttaagac,N1_059C_30
index_9nt_64,cggaggcca,N1_061C_2
index_10nt_222,agaacttgca,N1_061C_10
index_8nt_65,gacgagac,N1_061C_18
index_9nt_65,ataatgcca,N1_062C_5
index_10nt_225,caattaatca,N1_063C_1
index_8nt_66,aggacgac,N1_047C_42
index_9nt_66,gcgttgcca,N1_049C_8
index_10nt_227,ttatgcatca,N1_049C_16
index_8nt_67,tattggac,N1_059C_7
index_9nt_67,tagactcca,N1_059C_15
index_10nt_231,tattctatca,N1_059C_23
index_8nt_68,cgcttgac,N1_059C_31
index_9nt_68,gatcgtcca,N1_061C_3
index_10nt_239,gcttgcctca,N1_061C_11
index_8nt_69,taggctac,N1_061C_19
index_9nt_69,ctccttcca,N1_062C_6
index_10nt_243,agcatgctca,N1_063C_2
index_8nt_70,gtcattac,N1_063C_3
index_10nt_244,actaatctca,N1_063C_11
index_8nt_71,caacttac,N1_063C_19
index_9nt_71,aactcagca,N1_064C_7
index_10nt_249,attcgcgtca,N1_064C_15
index_8nt_72,gatcaacc,N1_065C_4
index_9nt_72,gaaggagca,N1_065C_12
index_10nt_251,tccaaggtca,N1_066C_8
index_8nt_73,gcaagacc,N1_067C_5
index_9nt_73,atggtagca,N1_067C_13
index_10nt_253,catatggtca,N1_068C_3
index_8nt_74,agccagcc,N1_068C_11
index_9nt_74,cgtaacgca,N1_063C_4
index_10nt_256,ggcgtattca,N1_063C_12
index_8nt_75,ccagagcc,N1_063C_20
index_9nt_75,gtctacgca,N1_064C_8
index_10nt_260,cgaaccaaga,N1_064C_16
index_8nt_76,ttatcgcc,N1_065C_5
index_9nt_76,acgaccgca,N1_066C_1
index_8nt_77,tcgatgcc,N1_066C_9
index_9nt_77,agcctcgca,N1_067C_6
index_10nt_262,acgtccaaga,N1_067C_14
index_8nt_78,cagtatcc,N1_068C_4
index_9nt_78,ccagtcgca,N1_068C_12
index_8nt_79,actactcc,N1_063C_5
index_9nt_79,tggcaggca,N1_063C_13
index_10nt_264,atactcaaga,N1_064C_1
index_8nt_80,ggacctcc,N1_064C_9
index_9nt_80,gatacggca,N1_064C_17
index_10nt_265,cagaagaaga,N1_065C_6
index_8nt_81,ctcggtcc,N1_066C_2
index_9nt_81,tccgctgca,N1_066C_10
index_10nt_274,aggattaaga,N1_067C_7
index_8nt_82,ggcgcagc,N1_067C_15
index_9nt_82,cggtctgca,N1_068C_5
index_10nt_290,agataagaga,N1_068C_13
index_8nt_83,ccattagc,N1_063C_6
index_9nt_83,cgcgcatca,N1_063C_14
index_10nt_302,tatacggaga,N1_064C_2
index_8nt_84,cgcaacgc,N1_064C_10
index_9nt_84,ttgcgatca,N1_064C_18
index_10nt_306,cgcgaataga,N1_065C_7
index_8nt_85,atagacgc,N1_066C_3
index_9nt_85,acttgatca,N1_066C_11
index_10nt_312,ttcagctaga,N1_067C_8
index_8nt_86,gcttacgc,N1_067C_16
index_9nt_86,agagactca,N1_068C_6
index_10nt_320,tcaacgacga,N1_071C_1
index_8nt_87,gagaccgc,N1_063C_7
index_9nt_87,gccggctca,N1_063C_15
index_10nt_336,ctctgatcga,N1_064C_3
index_8nt_88,gttccggc,N1_064C_11
index_9nt_88,ctatgctca,N1_064C_19
index_10nt_340,attggaagga,N1_065C_8
index_8nt_89,aactcggc,N1_066C_4
index_9nt_89,gagatctca,N1_067C_1
index_10nt_345,caggttagga,N1_067C_9
index_8nt_90,ctaactgc,N1_067C_17
index_9nt_90,ggcaagtca,N1_068C_7
index_8nt_91,atgcttgc,N1_071C_2
index_9nt_91,ccgaattca,N1_063C_8
index_10nt_355,atatgctgga,N1_063C_16
index_8nt_92,cggcaatc,N1_064C_4
index_9nt_92,gaatattca,N1_064C_12
index_10nt_356,ggaatctgga,N1_065C_1
index_8nt_93,ctctcatc,N1_065C_9
index_10nt_357,agtcattgga,N1_066C_5
index_8nt_94,ggttgatc,N1_067C_2
index_10nt_363,tagcatatga,N1_067C_10
index_8nt_95,catgactc,N1_067C_18
index_9nt_95,ggctcaaga,N1_068C_8
index_10nt_370,ttatatctga,N1_071C_3
index_8nt_96,acggcctc,N1_063C_9
index_10nt_371,ccagttctga,N1_063C_17
index_8nt_97,attagctc,N1_064C_5
index_9nt_97,aatcgaaga,N1_064C_13
index_10nt_373,cggtccttga,N1_065C_2
index_8nt_98,tgactctc,N1_065C_10
index_9nt_98,ctcataaga,N1_066C_6
index_10nt_376,acgccgttga,N1_067C_3
index_8nt_99,gcgaattc,N1_067C_11
index_9nt_99,gaggtaaga,N1_068C_1
index_10nt_379,tgcggcaata,N1_068C_9
index_8nt_100,gattcaag,N1_071C_4
index_9nt_100,cgaaccaga,N1_063C_10
index_10nt_402,gccgacgata,N1_063C_18
index_8nt_101,ctaataag,N1_064C_6
index_9nt_101,gtccgcaga,N1_064C_14
index_10nt_412,tataactata,N1_065C_3
index_8nt_102,acgagcag,N1_065C_11
index_9nt_102,cctggcaga,N1_066C_7
index_10nt_420,ccgcctacta,N1_067C_4
index_8nt_103,ggcggcag,N1_067C_12
index_9nt_103,aacttcaga,N1_068C_2
index_10nt_422,tgagtaccta,N1_068C_10
index_8nt_104,tctacgag,N1_071C_5
index_9nt_104,acgaagaga,N1_071C_6
index_10nt_423,ctaaggccta,N1_072A_3
index_9nt_105,ggtcagaga,N1_073A_2
index_10nt_426,cctatagcta,N1_074A_4
index_8nt_106,aaccggag,N1_074A_12
index_9nt_106,caatggaga,N1_075A_5
index_10nt_429,caaggatcta,N1_078A_8
index_8nt_107,cgatatag,N1_078A_16
index_9nt_107,taagataga,N1_079A_5
index_10nt_431,cgcctatcta,N1_080A_2
index_8nt_108,actcttag,N1_081A_17
index_9nt_108,acttctaga,N1_081A_25
index_10nt_432,tcctactcta,N1_071C_7
index_8nt_109,cggagacg,N1_072A_4
index_9nt_109,agacttaga,N1_073A_3
index_10nt_433,ttggtctcta,N1_074A_5
index_8nt_110,gtctgacg,N1_074A_13
index_9nt_110,aggatacga,N1_078A_1
index_10nt_435,agaccgtcta,N1_078A_9
index_8nt_111,accatacg,N1_078A_17
index_9nt_111,taactacga,N1_079A_6
index_10nt_440,agcgatagta,N1_080A_3
index_8nt_112,gaagtacg,N1_081A_18
index_9nt_112,tattaccga,N1_082C_1
index_10nt_441,ctacttagta,N1_071C_8
index_8nt_113,ggtaaccg,N1_072A_5
index_9nt_113,cgcgtccga,N1_073A_4
index_10nt_446,taagccggta,N1_074A_6
index_8nt_114,ctggtccg,N1_074A_14
index_9nt_114,gacgagcga,N1_078A_2
index_10nt_447,gtcgctggta,N1_078A_10
index_8nt_115,atgaagcg,N1_078A_18
index_9nt_115,cgttcgcga,N1_079A_7
index_10nt_448,tggtctggta,N1_080A_4
index_8nt_116,agttcgcg,N1_081A_19
index_9nt_116,tctaggcga,N1_082C_2
index_10nt_449,cgcattggta,N1_071C_9
index_8nt_117,catatgcg,N1_072A_6
index_9nt_117,atgcggcga,N1_073A_5
index_10nt_451,tccgcgatta,N1_074A_7
index_8nt_118,gttgaagg,N1_074A_15
index_9nt_118,atctatcga,N1_078A_3
index_10nt_453,tgccgactta,N1_078A_11
index_8nt_119,tcctcagg,N1_078A_19
index_9nt_119,ctaagtcga,N1_079A_8
index_10nt_456,gttgcgctta,N1_081A_12
index_8nt_120,cgtctagg,N1_081A_20
index_9nt_120,gttgaagga,N1_082C_3
index_10nt_457,cctcggctta,N1_071C_10
index_8nt_121,agaaccgg,N1_072A_7
index_9nt_121,cagagagga,N1_073A_6
index_10nt_458,tcattgctta,N1_074A_8
index_8nt_122,aatggcgg,N1_075A_1
index_9nt_122,cgtctagga,N1_078A_4
index_10nt_459,ggacctctta,N1_078A_12
index_8nt_123,gtattcgg,N1_079A_1
index_9nt_123,tacggcgga,N1_079A_9
index_10nt_460,acgtctctta,N1_081A_13
index_8nt_124,cagcctgg,N1_081A_21
index_9nt_124,agatgcgga,N1_082C_4
index_10nt_461,ggagaagtta,N1_071C_11
index_8nt_125,atcgctgg,N1_072A_8
index_9nt_125,gctatcgga,N1_074A_1
index_10nt_462,ctaaccgtta,N1_074A_9
index_8nt_126,tgagttgg,N1_075A_2
index_10nt_464,ttcttcgtta,N1_078A_5
index_8nt_127,taaccatg,N1_078A_13
index_9nt_127,agccaatga,N1_079A_2
index_10nt_465,actacggtta,N1_079A_10
index_8nt_128,acctactg,N1_081A_14
index_9nt_128,tcataatga,N1_081A_22
index_10nt_466,gaactggtta,N1_082C_5
index_9nt_129,ttcaactga,N1_072A_1
index_10nt_467,ttcaaccaac,N1_072A_9
index_8nt_130,gttacttg,N1_074A_2
index_9nt_130,atgacttga,N1_074A_10
index_10nt_468,aaggaccaac,N1_075A_3
index_8nt_131,agcgtaat,N1_078A_6
index_9nt_131,cggcgttga,N1_078A_14
index_10nt_469,ggaggccaac,N1_079A_3
index_8nt_132,cagttaat,N1_079A_11
index_9nt_132,gaaccaata,N1_081A_15
index_10nt_472,gtctcgcaac,N1_081A_23
index_8nt_133,acttccat,N1_082C_6
index_9nt_133,agcagaata,N1_072A_2
index_10nt_473,ctacggcaac,N1_073A_1
index_8nt_134,gcgcggat,N1_074A_3
index_9nt_134,tggctaata,N1_074A_11
index_8nt_135,cgtcgtat,N1_075A_4
index_9nt_135,ccattaata,N1_078A_7
index_10nt_482,agccaagaac,N1_078A_15
index_8nt_136,acgtaact,N1_079A_4
index_9nt_136,ttgaccata,N1_080A_1
index_10nt_484,ttggcagaac,N1_081A_16
index_8nt_137,gttatact,N1_081A_24
index_9nt_137,aatgccata,N1_082C_7
index_8nt_138,ctctagct,N1_082C_8
index_9nt_138,ggaggcata,N1_083A_1
index_10nt_496,aagccataac,N1_085A_1
index_8nt_139,tggcatct,N1_085A_9
index_9nt_139,aaccagata,N1_087C_3
index_10nt_499,actaactaac,N1_087C_11
index_8nt_140,gaatgagt,N1_087C_19
index_9nt_140,cttccgata,N1_087C_27
index_10nt_501,tagagctaac,N1_089A_2
index_8nt_141,gccgtcgt,N1_089A_10
index_9nt_141,tcagcgata,N1_089A_18
index_10nt_506,gtatcaagac,N1_090A_4
index_8nt_142,ccggcggt,N1_082C_9
index_9nt_142,aggtcgata,N1_083A_2
index_10nt_509,attagcagac,N1_085A_2
index_8nt_143,actatggt,N1_085A_10
index_9nt_143,gcgcggata,N1_087C_4
index_10nt_512,cgtcggagac,N1_087C_12
index_8nt_144,agaagatt,N1_087C_20
index_9nt_144,gtcttgata,N1_087C_28
index_10nt_524,tactatcgac,N1_089A_3
index_9nt_145,gataatata,N1_089A_11
index_10nt_532,tccgttggac,N1_089A_19
index_8nt_146,ggatcctt,N1_091C_1
index_9nt_146,tcgtatata,N1_082C_10
index_10nt_538,aacctctgac,N1_083A_3
index_8nt_147,caacgctt,N1_085A_3
index_9nt_147,ctcggtata,N1_085A_11
index_10nt_565,ttaatggtac,N1_087C_5
index_8nt_148,ggtcagtt,N1_087C_13
index_9nt_148,ttatgacta,N1_087C_21
index_10nt_566,ttcggattac,N1_087C_29
index_8nt_149,attgcgtt,N1_089A_4
index_9nt_149,gttctacta,N1_089A_12
index_10nt_567,taagacttac,N1_089A_20
index_9nt_150,catagccta,N1_091C_2
index_10nt_568,agttagttac,N1_082C_11
index_9nt_151,gaattccta,N1_084A_1
index_10nt_570,atatccaacc,N1_085A_4
index_9nt_152,agtcatcta,N1_085A_12
index_10nt_600,tcagcgtacc,N1_087C_6
index_9nt_153,gcctctcta,N1_087C_14
index_9nt_154,tgcattcta,N1_087C_22
index_10nt_606,cagataagcc,N1_087C_30
index_9nt_155,aaggttcta,N1_089A_5
index_10nt_610,ccttctagcc,N1_089A_13
index_9nt_156,ccttccgta,N1_089A_21
index_10nt_615,tctcgccgcc,N1_091C_3
index_9nt_157,atagaggta,N1_082C_12
index_10nt_622,ccaggtcgcc,N1_084A_2
index_9nt_158,cagtaggta,N1_085A_5
index_10nt_623,taacttcgcc,N1_085A_13
index_9nt_159,cgctactta,N1_087C_7
index_10nt_631,ttctctggcc,N1_087C_15
index_9nt_160,attcgctta,N1_087C_23
index_10nt_632,gctgactgcc,N1_087C_31
index_9nt_161,accatctta,N1_089A_6
index_10nt_633,ctctactgcc,N1_089A_14
index_9nt_162,aagaggtta,N1_089A_22
index_10nt_634,aattcctgcc,N1_091C_4
index_9nt_163,ggttggtta,N1_082C_13
index_10nt_635,agagtctgcc,N1_084A_3
index_9nt_164,gcgaccaac,N1_085A_6
index_10nt_637,tgcgattgcc,N1_085A_14
index_9nt_165,ttacgcaac,N1_087C_8
index_10nt_639,tctgccatcc,N1_087C_16
index_9nt_166,gactgcaac,N1_087C_24
index_10nt_641,ctgctcatcc,N1_087C_32
index_10nt_643,agattgatcc,N1_089A_7
index_9nt_168,cgtaagaac,N1_089A_15
index_10nt_645,aatattatcc,N1_090A_1
index_9nt_169,gtcgagaac,N1_092C_1
index_10nt_646,atggaactcc,N1_082C_14
index_9nt_170,caaccgaac,N1_084A_4
index_10nt_647,taataactcc,N1_085A_7
index_9nt_171,atgaggaac,N1_087C_1
index_10nt_650,tggcggctcc,N1_087C_9
index_9nt_172,gctctgaac,N1_087C_17
index_10nt_651,cgcagtctcc,N1_087C_25
index_9nt_173,tgattgaac,N1_087C_33
index_9nt_174,acggataac,N1_089A_8
index_10nt_655,taggcggtcc,N1_089A_16
index_9nt_175,tggcctaac,N1_090A_2
index_10nt_656,gacttggtcc,N1_092C_2
index_9nt_176,cttgctaac,N1_082C_15
index_10nt_658,gtattattcc,N1_084A_5
index_9nt_177,ccaattaac,N1_085A_8
index_10nt_659,tgcttcttcc,N1_087C_2
index_9nt_178,ctataagac,N1_087C_10
index_10nt_661,gtcgcgttcc,N1_087C_18
index_9nt_179,tctccagac,N1_087C_26
index_10nt_662,gttcgcaagc,N1_089A_1
index_9nt_180,accggagac,N1_089A_9
index_10nt_663,ccattcaagc,N1_089A_17
index_9nt_181,gttatagac,N1_090A_3
index_10nt_666,cgcaataagc,N1_092C_3
index_9nt_182,agtcgcgac,N1_049C_17
index_10nt_667,gaggctaagc,N1_051C_7
index_9nt_183,ctcctcgac,N1_051C_15
index_10nt_668,agacgtaagc,N1_051C_23
index_9nt_184,acgttcgac,N1_051C_31
index_10nt_669,ggtccgcagc,N1_051C_39
index_9nt_185,gattaggac,N1_051C_47
index_10nt_670,actaggcagc,N1_051C_55
index_9nt_186,ttagcggac,N1_054C_4
index_10nt_675,tggctagagc,N1_056C_4
index_9nt_187,agctcggac,N1_056C_12
index_10nt_676,gatgacgagc,N1_081A_4
index_9nt_188,tagctggac,N1_049C_18
index_10nt_679,aggacggagc,N1_051C_8
index_9nt_189,gaggctgac,N1_051C_16
index_10nt_685,gcatggtagc,N1_051C_24
index_9nt_190,agagttgac,N1_051C_32
index_10nt_692,gtctagacgc,N1_051C_40
index_9nt_191,tgcagatac,N1_051C_48
index_10nt_694,tatctgacgc,N1_051C_56
index_9nt_192,gaagtatac,N1_054C_5
index_10nt_696,tgcggtacgc,N1_056C_5
index_9nt_193,cgagcctac,N1_080A_5
index_10nt_702,ttgaagccgc,N1_081A_5
index_9nt_194,cctagctac,N1_051C_1
index_10nt_710,ccggcagcgc,N1_051C_9
index_9nt_195,aggcagtac,N1_051C_17
index_10nt_712,agcaacgcgc,N1_051C_25
index_9nt_196,ttgaattac,N1_051C_33
index_10nt_713,gcaaccgcgc,N1_051C_41
index_9nt_197,taatcttac,N1_051C_49
index_10nt_717,gaatatgcgc,N1_051C_57
index_9nt_198,atccgttac,N1_054C_6
index_10nt_724,tacgcgtcgc,N1_056C_6
index_9nt_199,aagccaacc,N1_080A_6
index_10nt_725,acgtcttcgc,N1_081A_6
index_9nt_200,ccttcaacc,N1_051C_2
index_10nt_726,catggttcgc,N1_051C_10
index_9nt_201,cgaagaacc,N1_051C_18
index_10nt_727,ttacgaaggc,N1_051C_26
index_9nt_202,attggaacc,N1_051C_34
index_10nt_730,gaagtcaggc,N1_051C_42
index_9nt_203,tatataacc,N1_051C_50
index_10nt_734,atccgccggc,N1_051C_58
index_9nt_204,gtattaacc,N1_054C_7
index_10nt_735,catatccggc,N1_056C_7
index_9nt_205,accgcgacc,N1_080A_7
index_10nt_736,tatgagcggc,N1_081A_7
index_9nt_206,atcaatacc,N1_051C_3
index_10nt_738,gcctctcggc,N1_051C_11
index_9nt_207,agatctacc,N1_051C_19
index_10nt_739,cgaagatggc,N1_051C_27
index_9nt_208,gagagtacc,N1_051C_35
index_10nt_740,ggagcttggc,N1_051C_43
index_9nt_209,ttggttacc,N1_051C_51
index_10nt_743,gcgcggatgc,N1_051C_59
index_10nt_744,ttgattatgc,N1_054C_8
index_9nt_211,gcgtaagcc,N1_056C_8
index_10nt_745,gcgttactgc,N1_080A_8
index_9nt_212,catcgagcc,N1_081A_8
index_10nt_747,ggtagcctgc,N1_051C_4
index_9nt_213,aaggacgcc,N1_051C_12
index_10nt_748,ttagcgctgc,N1_051C_20
index_9nt_214,ggaaccgcc,N1_051C_28
index_10nt_749,catcctctgc,N1_051C_36
index_9nt_215,ctgaaggcc,N1_051C_44
index_10nt_751,aaccaattgc,N1_051C_52
index_9nt_216,gccatggcc,N1_054C_1
index_10nt_752,gattcattgc,N1_056C_1
index_9nt_217,cgactggcc,N1_056C_9
index_10nt_753,atctccttgc,N1_081A_1
index_9nt_218,actcatgcc,N1_081A_9
index_10nt_754,tcaagcttgc,N1_051C_5
index_9nt_219,ggtccatcc,N1_051C_13
index_10nt_756,atgaggttgc,N1_051C_21
index_9nt_220,acgatatcc,N1_051C_29
index_10nt_758,tggtccaatc,N1_051C_37
index_9nt_221,gttaactcc,N1_051C_45
index_10nt_765,gagaatcatc,N1_051C_53
index_9nt_222,atctcctcc,N1_054C_2
index_10nt_768,ctcctagatc,N1_056C_2
index_9nt_223,gaacgctcc,N1_056C_10
index_10nt_769,tcttacgatc,N1_081A_2
index_10nt_770,aatatggatc,N1_081A_10
index_9nt_225,cggttctcc,N1_051C_6
index_10nt_773,tattgatatc,N1_051C_14
index_9nt_226,caagagtcc,N1_051C_22
index_10nt_774,ggcatatatc,N1_051C_30
index_9nt_227,ccgccgtcc,N1_051C_38
index_10nt_776,acttcgtatc,N1_051C_46
index_9nt_228,tcaaggtcc,N1_051C_54
index_10nt_783,gaccatactc,N1_054C_3
index_9nt_229,cgccattcc,N1_056C_3
index_10nt_784,ttatatactc,N1_056C_11
index_9nt_230,ctaacttcc,N1_081A_3
index_9nt_231,agtagttcc,N1_081A_11
index_10nt_788,tccggacctc,PU_BM_15
index_9nt_232,tcctgaagc,PU_BM_08
index_10nt_791,aggctgcctc,PU_BM_01
index_9nt_233,ggtagcagc,RI_BM_02
index_10nt_793,ccaattcctc,RI_BM_31
index_9nt_234,cagcgcagc,PU_BM_30
index_10nt_800,cataatgctc,RI_BM_33
index_9nt_235,attctcagc,PU_BM_05
index_10nt_801,gtacttgctc,RI_BM_34
index_9nt_236,gcagtcagc,PU_BM_36
index_10nt_802,ttaccatctc,PU_BM_40
index_9nt_237,agagagagc,RI_BM_21
index_10nt_803,acgatatctc,RI_BM_22
index_9nt_238,gtaacgagc,PU_BM_32
index_10nt_805,taccgctctc,PU_BM_27
index_9nt_239,ccgttgagc,PU_BM_24
index_10nt_806,gtatgctctc,RI_BM_35
index_9nt_240,gaccatagc,RI_BM_23
index_10nt_808,gagaggtctc,HY_BM_05
index_9nt_241,cctcaacgc,RI_BM_03
index_10nt_812,tctacgagtc,PU_BM_25
index_9nt_242,atggaacgc,RI_BM_06
index_10nt_817,gaaccgcgtc,PU_BM_26
index_9nt_243,gaataacgc,RI_BM_25
index_10nt_819,ttggctcgtc,PU_BM_39
index_9nt_244,ggccgacgc,HY_BM_01
index_10nt_822,tatcctggtc,RI_BM_04
index_9nt_245,atcagccgc,PU_BM_28
index_10nt_824,gtcgtaattc,RI_BM_05
index_9nt_246,ccatgccgc,RI_BM_30
index_10nt_830,cgattccttc,PU_BM_23
index_9nt_247,aagacgcgc,RI_BM_32
index_10nt_831,gctaagcttc,PU_BM_07
index_9nt_248,ttctcgcgc,PU_BM_31
index_10nt_832,ctctggcttc,PU_BM_22
index_9nt_249,cttatgcgc,PU_BM_37
index_10nt_833,tacctgcttc,RI_BM_24
index_9nt_250,gcgaatcgc,PU_BM_19
index_10nt_835,tccatagttc,RI_BM_01
index_9nt_251,cgacctcgc,HY_BM_04
index_10nt_837,cctctcgttc,PU_BM_18
index_9nt_252,actggtcgc,RI_BM_16
index_10nt_838,ttatgccaag,RI_BM_20
index_9nt_253,gtcgttcgc,PU_BM_14
index_10nt_839,atcctccaag,PU_BM_09
index_9nt_254,cgcgaaggc,RI_BM_10
index_10nt_840,gcgttccaag,RI_BM_12
index_9nt_255,aacctaggc,PU_BM_20
index_10nt_841,gaggcgcaag,RI_DT_22
index_9nt_256,cataccggc,RI_BM_27
index_10nt_842,acgcggcaag,PU_BM_33
index_9nt_257,gcctccggc,PU_BM_29
index_10nt_843,cgctggcaag,RI_BM_13
index_9nt_258,ttgatcggc,RI_DT_21
index_10nt_844,ggatctcaag,RI_DT_24
index_9nt_259,gttcctggc,RI_BM_09
index_10nt_845,caaggtcaag,RI_LF_05
index_9nt_260,caggcatgc,RI_BM_18
index_10nt_846,ctatcagaag,RI_DT_01
index_9nt_261,ctacgatgc,RI_BM_26
index_10nt_847,ggtagcgaag,RI_DT_03
index_9nt_262,accgactgc,RI_DT_07
index_10nt_848,agtccggaag,RI_DT_09
index_9nt_263,aattgctgc,RI_BM_19
index_10nt_849,accaatgaag,RI_BM_28
index_9nt_264,ggttattgc,RI_BM_29
index_10nt_850,gtagatgaag,HY_BM_03
index_9nt_265,tgcgcttgc,RI_BM_14
index_9nt_266,acttagatc,PU_BM_10
index_10nt_852,gtcggctaag,PU_BM_34
index_9nt_267,ctgcatatc,RI_BM_15
index_10nt_853,atggagtaag,PU_BM_21
index_9nt_268,tctagtatc,PU_BM_38
index_10nt_854,cgagcgtaag,PU_DT_01
index_9nt_269,acgcgactc,PU_BM_35
index_10nt_856,aattagccag,PU_DT_03
index_9nt_270,gatggactc,PU_DT_07
index_10nt_857,cctatgccag,PU_DT_05
index_9nt_271,gcaatactc,PU_BM_12
index_10nt_858,gcgcatccag,PU_BM_13
index_9nt_272,agcgtactc,RI_DT_10
index_10nt_861,atcatagcag,RI_DT_02
index_10nt_866,gacgttgcag,RI_DT_04
index_9nt_274,gtagacctc,RI_BM_08
index_10nt_867,gagtaatcag,RI_BM_17
index_9nt_275,cgatagctc,PU_BM_06
index_10nt_868,gcagcctcag,RI_BM_11
index_9nt_276,ataccgctc,PU_BM_16
index_10nt_873,gcgagcagag,PU_BM_02
index_9nt_277,gcggcgctc,PU_BM_17
index_10nt_874,cttgagagag,PU_BM_03
index_9nt_278,aactggctc,PU_BM_04
index_10nt_876,catagtagag,PU_DT_02
index_9nt_279,ccagcagtc,PU_DT_04
index_10nt_887,aactgatgag,PU_DT_06
index_9nt_280,ctcagagtc,PU_DT_08
