AACGCCAA,623151,aacgccaa,N1_037C_23,6231510
ATCGGACCAA,964569,atcggaccaa,N1_037C_24,9645690
TGAGAGAA,164358,tgagagaa,N1_037C_25,1643580
GGCCATAA,732909,ggccataa,N1_037C_26,7329090
GAAGGTAA,250825,gaaggtaa,N1_037C_27,2508250
GGTCCATCAA,876164,ggtccatcaa,N1_037C_28,8761640
GTACGGCA,428397,gtacggca,N1_037C_29,4283970
AGCAGTCA,443695,agcagtca,N1_037C_30,4436950
CCAGAACCAA,256454,ccagaaccaa,N1_037C_31,2564540
TAGATCAA,229365,tagatcaa,N1_037C_32,2293650
TCGGAGCAA,265980,tcggagcaa,N1_037C_33,2659800
ATCGCGCAA,42246,atcgcgcaa,N1_040C_1,422460
CTTGCAGCAA,169413,cttgcagcaa,N1_040C_10,1694130
AGGCCAGAA,125998,aggccagaa,N1_040C_11,1259980
CCGTCAAGAA,63437,ccgtcaagaa,N1_040C_12,634370
TTGGTAAGAA,26793,ttggtaagaa,N1_040C_13,267930
AGGTACCAA,31871,aggtaccaa,N1_040C_14,318710
CATTGACCAA,74198,cattgaccaa,N1_040C_15,741980
TTACCTCAA,241681,ttacctcaa,N1_040C_2,2416810
CGCCTCCA,122861,cgcctcca,N1_040C_3,1228610
CGCTGAGAA,238923,cgctgagaa,N1_040C_4,2389230
GGCGCCGAA,150648,ggcgccgaa,N1_040C_5,1506480
CGGTCCAA,414922,cggtccaa,N1_040C_6,4149220
CTGATCCAA,47592,ctgatccaa,N1_040C_7,475920
TAGGAGCCAA,487772,taggagccaa,N1_040C_8,4877720
TTAACTCCAA,175748,ttaactccaa,N1_040C_9,1757480
GTCTCGAA,36138,gtctcgaa,N1_041A_1,361380
ATGGATAA,109054,atggataa,N1_042C_1,1090540
ACGAGTCAA,120944,acgagtcaa,N1_042C_2,1209440
TCCATATCAA,68686,tccatatcaa,N1_042C_3,686860
CTTCATCA,151995,cttcatca,N1_042C_4,1519950
GAGCTTCA,1837,gagcttca,N1_042C_5,18370
AGGTAACCAA,194047,aggtaaccaa,N1_042C_6,1940470
GTTCTCAA,222201,gttctcaa,N1_042C_7,2222010
GTATAGCAA,53216,gtatagcaa,N1_042C_8,532160
TACTTGCAA,52444,tacttgcaa,N1_042C_9,524440
AGAACCGCAA,6825,agaaccgcaa,N1_043C_1,68250
CATGCAGAA,7580,catgcagaa,N1_043C_10,75800
TCAAGAAGAA,8218,tcaagaagaa,N1_043C_11,82180
TGGACCAGAA,2687,tggaccagaa,N1_043C_12,26870
TGAAGCCAA,5140,tgaagccaa,N1_043C_13,51400
CTGATACCAA,10128,ctgataccaa,N1_043C_14,101280
CGAACGCA,6449,cgaacgca,N1_043C_2,64490
TCCATAGAA,22915,tccatagaa,N1_043C_3,229150
CCGCGCGAA,31126,ccgcgcgaa,N1_043C_4,311260
CTCAGCAA,111877,ctcagcaa,N1_043C_5,1118770
TCTCTCCAA,3601,tctctccaa,N1_043C_6,36010
GTATAGCCAA,6049,gtatagccaa,N1_043C_7,60490
GCCGCTCCAA,9427,gccgctccaa,N1_043C_8,94270
GTCGACCA,108299,gtcgacca,N1_043C_9,1082990
GGTAGGAA,4770,ggtaggaa,N1_046C_1,47700
CCTTATCAA,14729,ccttatcaa,N1_046C_10,147290
AGCCTGGCAA,70493,agcctggcaa,N1_046C_11,704930
ACGCCGCA,35186,acgccgca,N1_046C_12,351860
CATACTAA,64414,catactaa,N1_046C_2,644140
GCAGTTCAA,7375,gcagttcaa,N1_046C_3,73750
TTACGCTCAA,49510,ttacgctcaa,N1_046C_4,495100
GCATATCA,120932,gcatatca,N1_046C_5,1209320
GCGCAAGA,5646,gcgcaaga,N1_046C_6,56460
AGACGCAA,113895,agacgcaa,N1_046C_7,1138950
AATAAGCAA,7594,aataagcaa,N1_046C_8,75940
CCAACGCAA,31508,ccaacgcaa,N1_046C_9,315080
TAGAACGAA,47674,tagaacgaa,N1_047C_1,476740
TCCTCTTGAA,9247,tcctcttgaa,N1_047C_10,92470
TCGCGACCAA,20808,tcgcgaccaa,N1_047C_11,208080
CAGCAGAA,6529,cagcagaa,N1_047C_12,65290
CCATGGAA,17961,ccatggaa,N1_047C_13,179610
TTACCTAA,46699,ttacctaa,N1_047C_14,466990
GGTAATGCAA,27204,ggtaatgcaa,N1_047C_15,272040
GATGCGCA,15126,gatgcgca,N1_047C_16,151260
TCCGCTCA,60548,tccgctca,N1_047C_17,605480
GGAATGGAA,45549,ggaatggaa,N1_047C_18,455490
TCTGGCAA,129473,tctggcaa,N1_047C_19,1294730
TTATTCGAA,100914,ttattcgaa,N1_047C_2,1009140
CGCCAGCAA,77179,cgccagcaa,N1_047C_20,771790
GAGCCGCAA,10450,gagccgcaa,N1_047C_21,104500
GGTACTCAA,20506,ggtactcaa,N1_047C_22,205060
ATAATCCA,24280,ataatcca,N1_047C_23,242800
ATAAGAGAA,2881,ataagagaa,N1_047C_24,28810
ACTGACGAA,27469,actgacgaa,N1_047C_25,274690
TCTCGCATAA,52658,tctcgcataa,N1_047C_26,526580
GTTGGCCAA,4711,gttggccaa,N1_047C_27,47110
CGTCAGCCAA,36754,cgtcagccaa,N1_047C_28,367540
TCTTATCCAA,25650,tcttatccaa,N1_047C_29,256500
AACCGCCAA,13254,aaccgccaa,N1_047C_3,132540
TAACCAGCAA,20617,taaccagcaa,N1_047C_30,206170
TGAGAAGAA,46766,tgagaagaa,N1_047C_31,467660
GACGCAAGAA,4432,gacgcaagaa,N1_047C_32,44320
GGTTGAAGAA,8501,ggttgaagaa,N1_047C_33,85010
AGCTAAGA,5934,agctaaga,N1_047C_34,59340
ATTCTGGAA,98779,attctggaa,N1_047C_35,987790
CTTCAATAA,17492,cttcaataa,N1_047C_36,174920
GTCCTAACCA,7439,gtcctaacca,N1_047C_37,74390
CAGAGAGCCA,8142,cagagagcca,N1_047C_38,81420
ACCTCGTCCA,30225,acctcgtcca,N1_047C_39,302250
ACCAAGCCAA,293143,accaagccaa,N1_047C_4,2931430
AATTGGAGCA,172362,aattggagca,N1_047C_40,1723620
AATATAAC,41087,aatataac,N1_047C_41,410870
AGGACGAC,127977,aggacgac,N1_047C_42,1279770
GATACGCCAA,7254,gatacgccaa,N1_047C_5,72540
TGCGAAGCAA,21140,tgcgaagcaa,N1_047C_6,211400
AATTACCA,88484,aattacca,N1_047C_7,884840
GCATCAGAA,6410,gcatcagaa,N1_047C_8,64100
CTCCGAAGAA,9776,ctccgaagaa,N1_047C_9,97760
AAGTTGCTAA,324533,aagttgctaa,N1_049C_1,3245330
AAGGAATAA,177294,aaggaataa,N1_049C_10,1772940
GCGCTATAA,10105,gcgctataa,N1_049C_11,101050
ACCTAGTAA,372900,acctagtaa,N1_049C_12,3729000
TAACGGTAA,245934,taacggtaa,N1_049C_13,2459340
GTCAGACCA,52237,gtcagacca,N1_049C_14,522370
TTAATTGGCA,228235,ttaattggca,N1_049C_15,2282350
TTATGCATCA,433970,ttatgcatca,N1_049C_16,4339700
AGTCGCGAC,454966,agtcgcgac,N1_049C_17,4549660
TAGCTGGAC,276068,tagctggac,N1_049C_18,2760680
CTTGCCGA,797770,cttgccga,N1_049C_2,7977700
CTGATGGA,282210,ctgatgga,N1_049C_3,2822100
GTAGCATA,201181,gtagcata,N1_049C_4,2011810
CCAGTCTA,49047,ccagtcta,N1_049C_5,490470
CCTCCAAC,14831,cctccaac,N1_049C_6,148310
ACTCCGCCA,729361,actccgcca,N1_049C_7,7293610
GCGTTGCCA,203173,gcgttgcca,N1_049C_8,2031730
AATCCAGA,50390,aatccaga,N1_049C_9,503900
CCTAGCTAC,489417,cctagctac,N1_051C_1,4894170
CATGGTTCGC,268606,catggttcgc,N1_051C_10,2686060
GCCTCTCGGC,91936,gcctctcggc,N1_051C_11,919360
AAGGACGCC,258778,aaggacgcc,N1_051C_12,2587780
GGTCCATCC,80077,ggtccatcc,N1_051C_13,800770
TATTGATATC,112592,tattgatatc,N1_051C_14,1125920
CTCCTCGAC,242368,ctcctcgac,N1_051C_15,2423680
GAGGCTGAC,31459,gaggctgac,N1_051C_16,314590
AGGCAGTAC,34674,aggcagtac,N1_051C_17,346740
CGAAGAACC,27657,cgaagaacc,N1_051C_18,276570
AGATCTACC,59973,agatctacc,N1_051C_19,599730
CCTTCAACC,272333,ccttcaacc,N1_051C_2,2723330
TTAGCGCTGC,87861,ttagcgctgc,N1_051C_20,878610
ATGAGGTTGC,68505,atgaggttgc,N1_051C_21,685050
CAAGAGTCC,16073,caagagtcc,N1_051C_22,160730
AGACGTAAGC,133740,agacgtaagc,N1_051C_23,1337400
GCATGGTAGC,114999,gcatggtagc,N1_051C_24,1149990
AGCAACGCGC,59150,agcaacgcgc,N1_051C_25,591500
TTACGAAGGC,8978,ttacgaaggc,N1_051C_26,89780
CGAAGATGGC,195048,cgaagatggc,N1_051C_27,1950480
GGAACCGCC,34286,ggaaccgcc,N1_051C_28,342860
ACGATATCC,82032,acgatatcc,N1_051C_29,820320
ATCAATACC,17202,atcaatacc,N1_051C_3,172020
GGCATATATC,6884,ggcatatatc,N1_051C_30,68840
ACGTTCGAC,164864,acgttcgac,N1_051C_31,1648640
AGAGTTGAC,176183,agagttgac,N1_051C_32,1761830
TTGAATTAC,78742,ttgaattac,N1_051C_33,787420
ATTGGAACC,5285,attggaacc,N1_051C_34,52850
GAGAGTACC,7159,gagagtacc,N1_051C_35,71590
CATCCTCTGC,44940,catcctctgc,N1_051C_36,449400
TGGTCCAATC,81046,tggtccaatc,N1_051C_37,810460
CCGCCGTCC,1030444,ccgccgtcc,N1_051C_38,10304440
GGTCCGCAGC,157207,ggtccgcagc,N1_051C_39,1572070
GGTAGCCTGC,23441,ggtagcctgc,N1_051C_4,234410
GTCTAGACGC,59550,gtctagacgc,N1_051C_40,595500
GCAACCGCGC,54688,gcaaccgcgc,N1_051C_41,546880
GAAGTCAGGC,10093,gaagtcaggc,N1_051C_42,100930
GGAGCTTGGC,78982,ggagcttggc,N1_051C_43,789820
CTGAAGGCC,70293,ctgaaggcc,N1_051C_44,702930
GTTAACTCC,323738,gttaactcc,N1_051C_45,3237380
ACTTCGTATC,61900,acttcgtatc,N1_051C_46,619000
GATTAGGAC,40979,gattaggac,N1_051C_47,409790
TGCAGATAC,1652,tgcagatac,N1_051C_48,16520
TAATCTTAC,111132,taatcttac,N1_051C_49,1111320
TCAAGCTTGC,206201,tcaagcttgc,N1_051C_5,2062010
TATATAACC,34369,tatataacc,N1_051C_50,343690
TTGGTTACC,686057,ttggttacc,N1_051C_51,6860570
AACCAATTGC,23059,aaccaattgc,N1_051C_52,230590
GAGAATCATC,31694,gagaatcatc,N1_051C_53,316940
TCAAGGTCC,48932,tcaaggtcc,N1_051C_54,489320
ACTAGGCAGC,19025,actaggcagc,N1_051C_55,190250
TATCTGACGC,34860,tatctgacgc,N1_051C_56,348600
GAATATGCGC,9681,gaatatgcgc,N1_051C_57,96810
ATCCGCCGGC,56268,atccgccggc,N1_051C_58,562680
GCGCGGATGC,9090,gcgcggatgc,N1_051C_59,90900
CGGTTCTCC,17515,cggttctcc,N1_051C_6,175150
GAGGCTAAGC,291349,gaggctaagc,N1_051C_7,2913490
AGGACGGAGC,143945,aggacggagc,N1_051C_8,1439450
CCGGCAGCGC,387731,ccggcagcgc,N1_051C_9,3877310
GCCATGGCC,760234,gccatggcc,N1_054C_1,7602340
ATCTCCTCC,434222,atctcctcc,N1_054C_2,4342220
GACCATACTC,63648,gaccatactc,N1_054C_3,636480
TTAGCGGAC,47141,ttagcggac,N1_054C_4,471410
GAAGTATAC,96950,gaagtatac,N1_054C_5,969500
ATCCGTTAC,858200,atccgttac,N1_054C_6,8582000
GTATTAACC,416400,gtattaacc,N1_054C_7,4164000
TTGATTATGC,497128,ttgattatgc,N1_054C_8,4971280
GATTCATTGC,45134,gattcattgc,N1_056C_1,451340
GAACGCTCC,18543,gaacgctcc,N1_056C_10,185430
TTATATACTC,12232,ttatatactc,N1_056C_11,122320
AGCTCGGAC,4722,agctcggac,N1_056C_12,47220
AGCAATGAA,6598,agcaatgaa,N1_056C_13,65980
CTCCTAGATC,1490,ctcctagatc,N1_056C_2,14900
CGCCATTCC,1714,cgccattcc,N1_056C_3,17140
TGGCTAGAGC,73360,tggctagagc,N1_056C_4,733600
TGCGGTACGC,353518,tgcggtacgc,N1_056C_5,3535180
TACGCGTCGC,72848,tacgcgtcgc,N1_056C_6,728480
CATATCCGGC,20902,catatccggc,N1_056C_7,209020
GCGTAAGCC,7536,gcgtaagcc,N1_056C_8,75360
CGACTGGCC,53352,cgactggcc,N1_056C_9,533520
CGCTCAACCA,50208,cgctcaacca,N1_059C_1,502080
TGGACTGA,83995,tggactga,N1_059C_10,839950
ATCCGATA,269982,atccgata,N1_059C_11,2699820
ATATAGTA,45505,atatagta,N1_059C_12,455050
TTGCGAAC,338318,ttgcgaac,N1_059C_13,3383180
GGAGCGCCA,19408,ggagcgcca,N1_059C_14,194080
TAGACTCCA,100159,tagactcca,N1_059C_15,1001590
CCTAGAGA,38990,cctagaga,N1_059C_16,389900
TTCTCATAA,7773,ttctcataa,N1_059C_17,77730
AGATTATAA,20861,agattataa,N1_059C_18,208610
TGGACGTAA,65182,tggacgtaa,N1_059C_19,651820
CTGCAGACCA,62206,ctgcagacca,N1_059C_2,622060
AATCCTTAA,51244,aatccttaa,N1_059C_20,512440
AGACGACCA,25308,agacgacca,N1_059C_21,253080
CATAATTGCA,45350,cataattgca,N1_059C_22,453500
TATTCTATCA,49871,tattctatca,N1_059C_23,498710
CTGGATGAA,11438,ctggatgaa,N1_059C_24,114380
ATAAGAACCA,32050,ataagaacca,N1_059C_25,320500
CTTATTACCA,84904,cttattacca,N1_059C_26,849040
CTATCGGCCA,166794,ctatcggcca,N1_059C_27,1667940
AAGAGGTA,117017,aagaggta,N1_059C_28,1170170
AACTCTCGCA,382389,aactctcgca,N1_059C_29,3823890
CATTACGCCA,66378,cattacgcca,N1_059C_3,663780
CTTAAGAC,28527,cttaagac,N1_059C_30,285270
CGCTTGAC,579297,cgcttgac,N1_059C_31,5792970
TGCAACTTAA,80174,tgcaacttaa,N1_059C_32,801740
ACGTTCGA,63901,acgttcga,N1_059C_33,639010
ACTGAATA,185115,actgaata,N1_059C_34,1851150
GCCTTATA,5000,gccttata,N1_059C_35,50000
AGGCGCAGCA,31193,aggcgcagca,N1_059C_36,311930
CGAGGAAGCA,125100,cgaggaagca,N1_059C_4,1251000
CAGGAACGCA,97559,caggaacgca,N1_059C_5,975590
GCGGTAAC,136322,gcggtaac,N1_059C_6,1363220
TATTGGAC,39283,tattggac,N1_059C_7,392830
ATAGTCGTAA,48944,atagtcgtaa,N1_059C_8,489440
GACCGCGA,59227,gaccgcga,N1_059C_9,592270
CCTATACCA,147409,cctatacca,N1_061C_1,1474090
AGAACTTGCA,13237,agaacttgca,N1_061C_10,132370
GCTTGCCTCA,198130,gcttgcctca,N1_061C_11,1981300
CAACTTGAA,80296,caacttgaa,N1_061C_12,802960
CCTCGAACCA,434337,cctcgaacca,N1_061C_13,4343370
ACCGTTACCA,62910,accgttacca,N1_061C_14,629100
TGAGCTGCCA,50685,tgagctgcca,N1_061C_15,506850
CATCTCAGCA,52667,catctcagca,N1_061C_16,526670
ACCTGAAC,101267,acctgaac,N1_061C_17,1012670
GACGAGAC,9216,gacgagac,N1_061C_18,92160
TAGGCTAC,110578,taggctac,N1_061C_19,1105780
CGGAGGCCA,58103,cggaggcca,N1_061C_2,581030
AAGCCAACC,40082,aagccaacca,N1_061C_20,400820
TATAAGGA,41279,tataagga,N1_061C_21,412790
GATCGTCCA,287323,gatcgtcca,N1_061C_3,2873230
GGAATAGA,30141,ggaataga,N1_061C_4,301410
GATAGATAA,26774,gatagataa,N1_061C_5,267740
GTAACCTAA,11691,gtaacctaa,N1_061C_6,116910
GCTGCGTAA,20105,gctgcgtaa,N1_061C_7,201050
TTCAATTA,52679,ttcaatta,N1_061C_8,526790
AATGCAGGCA,17120,aatgcaggca,N1_061C_9,171200
TAGTAATA,23226,tagtaata,N1_062C_1,232260
CTCAGGTAA,213412,ctcaggtaa,N1_062C_10,2134120
GGTTAACCA,27021,ggttaacca,N1_062C_11,270210
TTGGACGGCA,250553,ttggacggca,N1_062C_12,2505530
TGCTGCTA,173215,tgctgcta,N1_062C_2,1732150
CCGCGTTA,14845,ccgcgtta,N1_062C_3,148450
CTTGAGCCA,112982,cttgagcca,N1_062C_4,1129820
ATAATGCCA,33981,ataatgcca,N1_062C_5,339810
CTCCTTCCA,18641,ctccttcca,N1_062C_6,186410
TTCGTAGA,13492,ttcgtaga,N1_062C_7,134920
CCAGGATAA,26624,ccaggataa,N1_062C_8,266240
CAGTCCTAA,77244,cagtcctaa,N1_062C_9,772440
CAATTAATCA,16411,caattaatca,N1_063C_1,164110
CGAACCAGA,10093,cgaaccaga,N1_063C_10,100930
ACTAATCTCA,19861,actaatctca,N1_063C_11,198610
GGCGTATTCA,31466,ggcgtattca,N1_063C_12,314660
TGGCAGGCA,31659,tggcaggca,N1_063C_13,316590
CGCGCATCA,44262,cgcgcatca,N1_063C_14,442620
GCCGGCTCA,122871,gccggctca,N1_063C_15,1228710
ATATGCTGGA,38938,atatgctgga,N1_063C_16,389380
CCAGTTCTGA,6460,ccagttctga,N1_063C_17,64600
GCCGACGATA,3529,gccgacgata,N1_063C_18,35290
CAACTTAC,89841,caacttac,N1_063C_19,898410
AGCATGCTCA,191282,agcatgctca,N1_063C_2,1912820
CCAGAGCC,78065,ccagagcc,N1_063C_20,780650
GTCATTAC,25964,gtcattac,N1_063C_3,259640
CGTAACGCA,13397,cgtaacgca,N1_063C_4,133970
ACTACTCC,18057,actactcc,N1_063C_5,180570
CCATTAGC,21845,ccattagc,N1_063C_6,218450
GAGACCGC,51502,gagaccgc,N1_063C_7,515020
CCGAATTCA,67011,ccgaattca,N1_063C_8,670110
ACGGCCTC,7555,acggcctc,N1_063C_9,75550
ATACTCAAGA,8118,atactcaaga,N1_064C_1,81180
CGCAACGC,12359,cgcaacgc,N1_064C_10,123590
GTTCCGGC,25345,gttccggc,N1_064C_11,253450
GAATATTCA,13614,gaatattca,N1_064C_12,136140
AATCGAAGA,3484,aatcgaaga,N1_064C_13,34840
GTCCGCAGA,13622,gtccgcaga,N1_064C_14,136220
ATTCGCGTCA,19212,attcgcgtca,N1_064C_15,192120
CGAACCAAGA,8114,cgaaccaaga,N1_064C_16,81140
GATACGGCA,6028,gatacggca,N1_064C_17,60280
TTGCGATCA,30225,ttgcgatca,N1_064C_18,302250
CTATGCTCA,8739,ctatgctca,N1_064C_19,87390
TATACGGAGA,31851,tatacggaga,N1_064C_2,318510
CTCTGATCGA,5549,ctctgatcga,N1_064C_3,55490
CGGCAATC,42894,cggcaatc,N1_064C_4,428940
ATTAGCTC,28532,attagctc,N1_064C_5,285320
CTAATAAG,8363,ctaataag,N1_064C_6,83630
AACTCAGCA,4106,aactcagca,N1_064C_7,41060
GTCTACGCA,9292,gtctacgca,N1_064C_8,92920
GGACCTCC,5790,ggacctcc,N1_064C_9,57900
GGAATCTGGA,69000,ggaatctgga,N1_065C_1,690000
TGACTCTC,126748,tgactctc,N1_065C_10,1267480
ACGAGCAG,41096,acgagcag,N1_065C_11,410960
GAAGGAGCA,7084,gaaggagca,N1_065C_12,70840
CGGTCCTTGA,150654,cggtccttga,N1_065C_2,1506540
TATAACTATA,19945,tataactata,N1_065C_3,199450
GATCAACC,25678,gatcaacc,N1_065C_4,256780
TTATCGCC,146584,ttatcgcc,N1_065C_5,1465840
CAGAAGAAGA,22953,cagaagaaga,N1_065C_6,229530
CGCGAATAGA,9306,cgcgaataga,N1_065C_7,93060
ATTGGAAGGA,17530,attggaagga,N1_065C_8,175300
CTCTCATC,93272,ctctcatc,N1_065C_9,932720
ACGACCGCA,23864,acgaccgca,N1_066C_1,238640
TCCGCTGCA,186646,tccgctgca,N1_066C_10,1866460
ACTTGATCA,51519,acttgatca,N1_066C_11,515190
CTCGGTCC,30876,ctcggtcc,N1_066C_2,308760
ATAGACGC,160859,atagacgc,N1_066C_3,1608590
AACTCGGC,29905,aactcggc,N1_066C_4,299050
AGTCATTGGA,133815,agtcattgga,N1_066C_5,1338150
CTCATAAGA,42439,ctcataaga,N1_066C_6,424390
CCTGGCAGA,1849,cctggcaga,N1_066C_7,18490
TCCAAGGTCA,12081,tccaaggtca,N1_066C_8,120810
TCGATGCC,51988,tcgatgcc,N1_066C_9,519880
GAGATCTCA,32038,gagatctca,N1_067C_1,320380
TAGCATATGA,4686,tagcatatga,N1_067C_10,46860
GCGAATTC,8110,gcgaattc,N1_067C_11,81100
GGCGGCAG,3655,ggcggcag,N1_067C_12,36550
ATGGTAGCA,5853,atggtagca,N1_067C_13,58530
ACGTCCAAGA,7209,acgtccaaga,N1_067C_14,72090
GGCGCAGC,17866,ggcgcagc,N1_067C_15,178660
GCTTACGC,10796,gcttacgc,N1_067C_16,107960
CTAACTGC,73259,ctaactgc,N1_067C_17,732590
CATGACTC,82010,catgactc,N1_067C_18,820100
GGTTGATC,58553,ggttgatc,N1_067C_2,585530
ACGCCGTTGA,33076,acgccgttga,N1_067C_3,330760
CCGCCTACTA,41218,ccgcctacta,N1_067C_4,412180
GCAAGACC,6016,gcaagacc,N1_067C_5,60160
AGCCTCGCA,28340,agcctcgca,N1_067C_6,283400
AGGATTAAGA,5727,aggattaaga,N1_067C_7,57270
TTCAGCTAGA,50901,ttcagctaga,N1_067C_8,509010
CAGGTTAGGA,24503,caggttagga,N1_067C_9,245030
GAGGTAAGA,8846,gaggtaaga,N1_068C_1,88460
TGAGTACCTA,14721,tgagtaccta,N1_068C_10,147210
AGCCAGCC,17990,agccagcc,N1_068C_11,179900
CCAGTCGCA,1693,ccagtcgca,N1_068C_12,16930
AGATAAGAGA,37839,agataagaga,N1_068C_13,378390
AACTTCAGA,6989,aacttcaga,N1_068C_2,69890
CATATGGTCA,280,catatggtca,N1_068C_3,2800
CAGTATCC,16459,cagtatcc,N1_068C_4,164590
CGGTCTGCA,2225,cggtctgca,N1_068C_5,22250
AGAGACTCA,5951,agagactca,N1_068C_6,59510
GGCAAGTCA,3192,ggcaagtca,N1_068C_7,31920
GGCTCAAGA,1930,ggctcaaga,N1_068C_8,19300
TGCGGCAATA,81266,tgcggcaata,N1_068C_9,812660
TCAACGACGA,11231,tcaacgacga,N1_071C_1,112310
CCTCGGCTTA,63243,cctcggctta,N1_071C_10,632430
GGAGAAGTTA,18660,ggagaagtta,N1_071C_11,186600
ATGCTTGC,5959,atgcttgc,N1_071C_2,59590
TTATATCTGA,8619,ttatatctga,N1_071C_3,86190
GATTCAAG,10830,gattcaag,N1_071C_4,108300
TCTACGAG,32675,tctacgag,N1_071C_5,326750
ACGAAGAGA,332738,acgaagaga,N1_071C_6,3327380
TCCTACTCTA,367274,tcctactcta,N1_071C_7,3672740
CTACTTAGTA,137789,ctacttagta,N1_071C_8,1377890
CGCATTGGTA,25137,cgcattggta,N1_071C_9,251370
TTCAACTGA,289917,ttcaactga,N1_072A_1,2899170
AGCAGAATA,49538,agcagaata,N1_072A_2,495380
CTAAGGCCTA,759235,ctaaggccta,N1_072A_3,7592350
CGGAGACG,1465370,cggagacg,N1_072A_4,14653700
GGTAACCG,382813,ggtaaccg,N1_072A_5,3828130
CATATGCG,859120,catatgcg,N1_072A_6,8591200
AGAACCGG,54814,agaaccgg,N1_072A_7,548140
ATCGCTGG,518441,atcgctgg,N1_072A_8,5184410
TTCAACCAAC,563005,ttcaaccaac,N1_072A_9,5630050
CTACGGCAAC,102429,ctacggcaac,N1_073A_1,1024290
GGTCAGAGA,269321,ggtcagaga,N1_073A_2,2693210
AGACTTAGA,290051,agacttaga,N1_073A_3,2900510
CGCGTCCGA,835852,cgcgtccga,N1_073A_4,8358520
ATGCGGCGA,948999,atgcggcga,N1_073A_5,9489990
CAGAGAGGA,136729,cagagagga,N1_073A_6,1367290
GCTATCGGA,42169,gctatcgga,N1_074A_1,421690
ATGACTTGA,532158,atgacttga,N1_074A_10,5321580
TGGCTAATA,19348,tggctaata,N1_074A_11,193480
AACCGGAG,1141312,aaccggag,N1_074A_12,11413120
GTCTGACG,855982,gtctgacg,N1_074A_13,8559820
CTGGTCCG,1602916,ctggtccg,N1_074A_14,16029160
GTTGAAGGA,228668,gttgaagg,N1_074A_15,2286680
GTTACTTG,110988,gttacttg,N1_074A_2,1109880
GCGCGGATA,213477,gcgcggat,N1_074A_3,2134770
CCTATAGCTA,1018229,cctatagcta,N1_074A_4,10182290
TTGGTCTCTA,957456,ttggtctcta,N1_074A_5,9574560
TAAGCCGGTA,1016669,taagccggta,N1_074A_6,10166690
TCCGCGATTA,682550,tccgcgatta,N1_074A_7,6825500
TCATTGCTTA,270744,tcattgctta,N1_074A_8,2707440
CTAACCGTTA,390780,ctaaccgtta,N1_074A_9,3907800
AATGGCGG,788179,aatggcgg,N1_075A_1,7881790
TGAGTTGG,704848,tgagttgg,N1_075A_2,7048480
AAGGACCAAC,926087,aaggaccaac,N1_075A_3,9260870
CGTCGTAT,59743,cgtcgtat,N1_075A_4,597430
CAATGGAGA,716851,caatggaga,N1_075A_5,7168510
AGGATACGA,970666,aggatacga,N1_078A_1,9706660
GTCGCTGGTA,1245467,gtcgctggta,N1_078A_10,12454670
TGCCGACTTA,1810668,tgccgactta,N1_078A_11,18106680
GGACCTCTTA,1812784,ggacctctta,N1_078A_12,18127840
TAACCATG,290283,taaccatg,N1_078A_13,2902830
CGGCGTTGA,1661504,cggcgttga,N1_078A_14,16615040
AGCCAAGAAC,1052812,agccaagaac,N1_078A_15,10528120
CGATATAG,960595,cgatatag,N1_078A_16,9605950
ACCATACG,1079771,accatacg,N1_078A_17,10797710
ATGAAGCG,1466463,atgaagcg,N1_078A_18,14664630
TCCTCAGG,1154986,tcctcagg,N1_078A_19,11549860
GACGAGCGA,672905,gacgagcga,N1_078A_2,6729050
ATCTATCGA,1277921,atctatcga,N1_078A_3,12779210
CGTCTAGG,880765,cgtctagga,N1_078A_4,8807650
TTCTTCGTTA,735869,ttcttcgtta,N1_078A_5,7358690
AGCGTAAT,1188673,agcgtaat,N1_078A_6,11886730
CCATTAATA,82805,ccattaata,N1_078A_7,828050
CAAGGATCTA,2039003,caaggatcta,N1_078A_8,20390030
AGACCGTCTA,1280868,agaccgtcta,N1_078A_9,12808680
GTATTCGG,492787,gtattcgg,N1_079A_1,4927870
ACTACGGTTA,925956,actacggtta,N1_079A_10,9259560
CAGTTAAT,133573,cagttaat,N1_079A_11,1335730
AGCCAATGA,709586,agccaatga,N1_079A_2,7095860
GGAGGCCAAC,362831,ggaggccaac,N1_079A_3,3628310
ACGTAACT,903573,acgtaact,N1_079A_4,9035730
TAAGATAGA,548037,taagataga,N1_079A_5,5480370
TAACTACGA,1233201,taactacga,N1_079A_6,12332010
CGTTCGCGA,1142230,cgttcgcga,N1_079A_7,11422300
CTAAGTCGA,1209371,ctaagtcga,N1_079A_8,12093710
TACGGCGGA,911642,tacggcgga,N1_079A_9,9116420
TTGACCATA,562801,ttgaccata,N1_080A_1,5628010
CGCCTATCTA,458654,cgcctatcta,N1_080A_2,4586540
AGCGATAGTA,925464,agcgatagta,N1_080A_3,9254640
TGGTCTGGTA,806709,tggtctggta,N1_080A_4,8067090
CGAGCCTAC,186411,cgagcctac,N1_080A_5,1864110
AAGCCAACCA,10888,aagccaacc,N1_080A_6,108880
ACCGCGACC,210193,accgcgacc,N1_080A_7,2101930
GCGTTACTGC,79640,gcgttactgc,N1_080A_8,796400
ATCTCCTTGC,446351,atctccttgc,N1_081A_1,4463510
AATATGGATC,230242,aatatggatc,N1_081A_10,2302420
AGTAGTTCC,653300,agtagttcc,N1_081A_11,6533000
GTTGCGCTTA,530448,gttgcgctta,N1_081A_12,5304480
ACGTCTCTTA,1218907,acgtctctta,N1_081A_13,12189070
ACCTACTG,1157455,acctactg,N1_081A_14,11574550
GAACCAATA,604865,gaaccaata,N1_081A_15,6048650
TTGGCAGAAC,390200,ttggcagaac,N1_081A_16,3902000
ACTCTTAG,628145,actcttag,N1_081A_17,6281450
GAAGTACG,470733,gaagtacg,N1_081A_18,4707330
AGTTCGCG,1056031,agttcgcg,N1_081A_19,10560310
TCTTACGATC,40117,tcttacgatc,N1_081A_2,401170
CGTCTAGGA,1681673,cgtctagg,N1_081A_20,16816730
CAGCCTGG,1119640,cagcctgg,N1_081A_21,11196400
TCATAATGA,422582,tcataatga,N1_081A_22,4225820
GTCTCGCAAC,678088,gtctcgcaac,N1_081A_23,6780880
GTTATACT,205709,gttatact,N1_081A_24,2057090
ACTTCTAGA,500727,acttctaga,N1_081A_25,5007270
CTAACTTCC,88819,ctaacttcc,N1_081A_3,888190
GATGACGAGC,54991,gatgacgagc,N1_081A_4,549910
TTGAAGCCGC,114005,ttgaagccgc,N1_081A_5,1140050
ACGTCTTCGC,326967,acgtcttcgc,N1_081A_6,3269670
TATGAGCGGC,252892,tatgagcggc,N1_081A_7,2528920
CATCGAGCC,55161,catcgagcc,N1_081A_8,551610
ACTCATGCC,154288,actcatgcc,N1_081A_9,1542880
TATTACCGA,1021605,tattaccga,N1_082C_1,10216050
TCGTATATA,1152,tcgtatata,N1_082C_10,11520
AGTTAGTTAC,7737,agttagttac,N1_082C_11,77370
ATAGAGGTA,14637,atagaggta,N1_082C_12,146370
GGTTGGTTA,19713,ggttggtta,N1_082C_13,197130
ATGGAACTCC,45896,atggaactcc,N1_082C_14,458960
CTTGCTAAC,5452,cttgctaac,N1_082C_15,54520
TCTAGGCGA,513074,tctaggcga,N1_082C_2,5130740
GTTGAAGG,359748,gttgaagga,N1_082C_3,3597480
AGATGCGGA,17920,agatgcgga,N1_082C_4,179200
GAACTGGTTA,12696,gaactggtta,N1_082C_5,126960
ACTTCCAT,7133,acttccat,N1_082C_6,71330
AATGCCATA,31166,aatgccata,N1_082C_7,311660
CTCTAGCT,556,ctctagct,N1_082C_8,5560
CCGGCGGT,1071,ccggcggt,N1_082C_9,10710
GGAGGCATA,1265,ggaggcata,N1_083A_1,12650
AGGTCGATA,664,aggtcgata,N1_083A_2,6640
AACCTCTGAC,5107,aacctctgac,N1_083A_3,51070
GAATTCCTA,1974,gaattccta,N1_084A_1,19740
CCAGGTCGCC,65211,ccaggtcgcc,N1_084A_2,652110
AGAGTCTGCC,3027,agagtctgcc,N1_084A_3,30270
CAACCGAAC,97829,caaccgaac,N1_084A_4,978290
GTATTATTCC,1159,gtattattcc,N1_084A_5,11590
AAGCCATAAC,153601,aagccataac,N1_085A_1,1536010
ACTATGGT,84802,actatggt,N1_085A_10,848020
CTCGGTATA,265988,ctcggtata,N1_085A_11,2659880
AGTCATCTA,177893,agtcatcta,N1_085A_12,1778930
TAACTTCGCC,63686,taacttcgcc,N1_085A_13,636860
TGCGATTGCC,461698,tgcgattgcc,N1_085A_14,4616980
ATTAGCAGAC,20663,attagcagac,N1_085A_2,206630
CAACGCTT,146964,caacgctt,N1_085A_3,1469640
ATATCCAACC,327876,atatccaacc,N1_085A_4,3278760
CAGTAGGTA,37704,cagtaggta,N1_085A_5,377040
GCGACCAAC,147825,gcgaccaac,N1_085A_6,1478250
TAATAACTCC,294799,taataactcc,N1_085A_7,2947990
CCAATTAAC,613116,ccaattaac,N1_085A_8,6131160
TGGCATCT,54606,tggcatct,N1_085A_9,546060
ATGAGGAAC,27311,atgaggaac,N1_087C_1,273110
CTATAAGAC,109989,ctataagac,N1_087C_10,1099890
ACTAACTAAC,103345,actaactaac,N1_087C_11,1033450
CGTCGGAGAC,357380,cgtcggagac,N1_087C_12,3573800
GGTCAGTT,3174,ggtcagtt,N1_087C_13,31740
GCCTCTCTA,44641,gcctctcta,N1_087C_14,446410
TTCTCTGGCC,210002,ttctctggcc,N1_087C_15,2100020
TCTGCCATCC,43005,tctgccatcc,N1_087C_16,430050
GCTCTGAAC,10397,gctctgaac,N1_087C_17,103970
GTCGCGTTCC,35328,gtcgcgttcc,N1_087C_18,353280
GAATGAGT,4289,gaatgagt,N1_087C_19,42890
TGCTTCTTCC,453202,tgcttcttcc,N1_087C_2,4532020
AGAAGATT,33833,agaagatt,N1_087C_20,338330
TTATGACTA,92591,ttatgacta,N1_087C_21,925910
TGCATTCTA,34461,tgcattcta,N1_087C_22,344610
ATTCGCTTA,13941,attcgctta,N1_087C_23,139410
GACTGCAAC,253240,gactgcaac,N1_087C_24,2532400
CGCAGTCTCC,234290,cgcagtctcc,N1_087C_25,2342900
TCTCCAGAC,38851,tctccagac,N1_087C_26,388510
CTTCCGATA,67875,cttccgata,N1_087C_27,678750
GTCTTGATA,82573,gtcttgata,N1_087C_28,825730
TTCGGATTAC,53122,ttcggattac,N1_087C_29,531220
AACCAGATA,9190,aaccagata,N1_087C_3,91900
CAGATAAGCC,102747,cagataagcc,N1_087C_30,1027470
GCTGACTGCC,464443,gctgactgcc,N1_087C_31,4644430
CTGCTCATCC,132187,ctgctcatcc,N1_087C_32,1321870
TGATTGAAC,44211,tgattgaac,N1_087C_33,442110
GCGCGGAT,50566,gcgcggata,N1_087C_4,505660
TTAATGGTAC,169776,ttaatggtac,N1_087C_5,1697760
TCAGCGTACC,31095,tcagcgtacc,N1_087C_6,310950
CGCTACTTA,324334,cgctactta,N1_087C_7,3243340
TTACGCAAC,217175,ttacgcaac,N1_087C_8,2171750
TGGCGGCTCC,56659,tggcggctcc,N1_087C_9,566590
GTTCGCAAGC,3188,gttcgcaagc,N1_089A_1,31880
GCCGTCGT,843,gccgtcgt,N1_089A_10,8430
GATAATATA,1160,gataatata,N1_089A_11,11600
GTTCTACTA,36176,gttctacta,N1_089A_12,361760
CCTTCTAGCC,4044,ccttctagcc,N1_089A_13,40440
CTCTACTGCC,5557,ctctactgcc,N1_089A_14,55570
CGTAAGAAC,1818,cgtaagaac,N1_089A_15,18180
TAGGCGGTCC,821,taggcggtcc,N1_089A_16,8210
CCATTCAAGC,2645,ccattcaagc,N1_089A_17,26450
TCAGCGATA,7811,tcagcgata,N1_089A_18,78110
TCCGTTGGAC,7556,tccgttggac,N1_089A_19,75560
TAGAGCTAAC,2843,tagagctaac,N1_089A_2,28430
TAAGACTTAC,1212,taagacttac,N1_089A_20,12120
CCTTCCGTA,843,ccttccgta,N1_089A_21,8430
AAGAGGTTA,851,aagaggtta,N1_089A_22,8510
TACTATCGAC,15014,tactatcgac,N1_089A_3,150140
ATTGCGTT,5939,attgcgtt,N1_089A_4,59390
AAGGTTCTA,36754,aaggttcta,N1_089A_5,367540
ACCATCTTA,1712,accatctta,N1_089A_6,17120
AGATTGATCC,4290,agattgatcc,N1_089A_7,42900
ACGGATAAC,67243,acggataac,N1_089A_8,672430
ACCGGAGAC,41413,accggagac,N1_089A_9,414130
AATATTATCC,387061,aatattatcc,N1_090A_1,3870610
TGGCCTAAC,494233,tggcctaac,N1_090A_2,4942330
GTTATAGAC,267678,gttatagac,N1_090A_3,2676780
GTATCAAGAC,33010,gtatcaagac,N1_090A_4,330100
GGATCCTT,70914,ggatcctt,N1_091C_1,709140
CATAGCCTA,322726,catagccta,N1_091C_2,3227260
TCTCGCCGCC,517193,tctcgccgcc,N1_091C_3,5171930
AATTCCTGCC,194988,aattcctgcc,N1_091C_4,1949880
GTCGAGAAC,21928,gtcgagaac,N1_092C_1,219280
GACTTGGTCC,463843,gacttggtcc,N1_092C_2,4638430
CGCAATAAGC,135773,cgcaataagc,N1_092C_3,1357730
AGGCTGCCTC,21981,aggctgcctc,PU_BM_01,219810
GCGAGCAGAG,261642,gcgagcagag,PU_BM_02,2616420
CTTGAGAGAG,237145,cttgagagag,PU_BM_03,2371450
AACTGGCTC,637508,aactggctc,PU_BM_04,6375080
ATTCTCAGC,38751,attctcagc,PU_BM_05,387510
CGATAGCTC,304122,cgatagctc,PU_BM_06,3041220
GCTAAGCTTC,25688,gctaagcttc,PU_BM_07,256880
TCCTGAAGC,18532,tcctgaagc,PU_BM_08,185320
ATCCTCCAAG,44531,atcctccaag,PU_BM_09,445310
ACTTAGATC,29113,acttagatc,PU_BM_10,291130
GCAATACTC,31358,gcaatactc,PU_BM_12,313580
GCGCATCCAG,30814,gcgcatccag,PU_BM_13,308140
GTCGTTCGC,30186,gtcgttcgc,PU_BM_14,301860
TCCGGACCTC,25964,tccggacctc,PU_BM_15,259640
ATACCGCTC,256824,ataccgctc,PU_BM_16,2568240
GCGGCGCTC,320697,gcggcgctc,PU_BM_17,3206970
CCTCTCGTTC,28283,cctctcgttc,PU_BM_18,282830
GCGAATCGC,11421,gcgaatcgc,PU_BM_19,114210
AACCTAGGC,98258,aacctaggc,PU_BM_20,982580
ATGGAGTAAG,83875,atggagtaag,PU_BM_21,838750
CTCTGGCTTC,66629,ctctggcttc,PU_BM_22,666290
CGATTCCTTC,32993,cgattccttc,PU_BM_23,329930
CCGTTGAGC,45544,ccgttgagc,PU_BM_24,455440
TCTACGAGTC,53091,tctacgagtc,PU_BM_25,530910
GAACCGCGTC,61330,gaaccgcgtc,PU_BM_26,613300
TACCGCTCTC,39302,taccgctctc,PU_BM_27,393020
ATCAGCCGC,31543,atcagccgc,PU_BM_28,315430
GCCTCCGGC,24427,gcctccggc,PU_BM_29,244270
CAGCGCAGC,46563,cagcgcagc,PU_BM_30,465630
TTCTCGCGC,35874,ttctcgcgc,PU_BM_31,358740
GTAACGAGC,7611,gtaacgagc,PU_BM_32,76110
ACGCGGCAAG,47322,acgcggcaag,PU_BM_33,473220
GTCGGCTAAG,14702,gtcggctaag,PU_BM_34,147020
ACGCGACTC,59864,acgcgactc,PU_BM_35,598640
GCAGTCAGC,39461,gcagtcagc,PU_BM_36,394610
CTTATGCGC,131404,cttatgcgc,PU_BM_37,1314040
TCTAGTATC,34144,tctagtatc,PU_BM_38,341440
TTGGCTCGTC,27420,ttggctcgtc,PU_BM_39,274200
TTACCATCTC,78059,ttaccatctc,PU_BM_40,780590
CGAGCGTAAG,29132,cgagcgtaag,PU_DT_01,291320
CATAGTAGAG,583156,catagtagag,PU_DT_02,5831560
AATTAGCCAG,45299,aattagccag,PU_DT_03,452990
CCAGCAGTC,256026,ccagcagtc,PU_DT_04,2560260
CCTATGCCAG,65574,cctatgccag,PU_DT_05,655740
AACTGATGAG,1592746,aactgatgag,PU_DT_06,15927460
GATGGACTC,39303,gatggactc,PU_DT_07,393030
CTCAGAGTC,473808,ctcagagtc,PU_DT_08,4738080
TCCATAGTTC,41171,tccatagttc,RI_BM_01,411710
GGTAGCAGC,42499,ggtagcagc,RI_BM_02,424990
CCTCAACGC,35763,cctcaacgc,RI_BM_03,357630
TATCCTGGTC,25878,tatcctggtc,RI_BM_04,258780
GTCGTAATTC,29537,gtcgtaattc,RI_BM_05,295370
ATGGAACGC,45787,atggaacgc,RI_BM_06,457870
GTAGACCTC,112355,gtagacctc,RI_BM_08,1123550
GTTCCTGGC,18795,gttcctggc,RI_BM_09,187950
CGCGAAGGC,45359,cgcgaaggc,RI_BM_10,453590
GCAGCCTCAG,315914,gcagcctcag,RI_BM_11,3159140
GCGTTCCAAG,76710,gcgttccaag,RI_BM_12,767100
CGCTGGCAAG,31038,cgctggcaag,RI_BM_13,310380
TGCGCTTGC,25882,tgcgcttgc,RI_BM_14,258820
CTGCATATC,24881,ctgcatatc,RI_BM_15,248810
ACTGGTCGC,34169,actggtcgc,RI_BM_16,341690
GAGTAATCAG,376673,gagtaatcag,RI_BM_17,3766730
CAGGCATGC,35473,caggcatgc,RI_BM_18,354730
AATTGCTGC,53955,aattgctgc,RI_BM_19,539550
TTATGCCAAG,26025,ttatgccaag,RI_BM_20,260250
AGAGAGAGC,124958,agagagagc,RI_BM_21,1249580
ACGATATCTC,41069,acgatatctc,RI_BM_22,410690
GACCATAGC,37582,gaccatagc,RI_BM_23,375820
TACCTGCTTC,23102,tacctgcttc,RI_BM_24,231020
GAATAACGC,80432,gaataacgc,RI_BM_25,804320
CTACGATGC,100108,ctacgatgc,RI_BM_26,1001080
CATACCGGC,15539,cataccggc,RI_BM_27,155390
ACCAATGAAG,27085,accaatgaag,RI_BM_28,270850
GGTTATTGC,16562,ggttattgc,RI_BM_29,165620
CCATGCCGC,38262,ccatgccgc,RI_BM_30,382620
CCAATTCCTC,43251,ccaattcctc,RI_BM_31,432510
AAGACGCGC,29248,aagacgcgc,RI_BM_32,292480
CATAATGCTC,48052,cataatgctc,RI_BM_33,480520
GTACTTGCTC,41777,gtacttgctc,RI_BM_34,417770
GTATGCTCTC,24795,gtatgctctc,RI_BM_35,247950
CTATCAGAAG,40278,ctatcagaag,RI_DT_01,402780
ATCATAGCAG,50326,atcatagcag,RI_DT_02,503260
GGTAGCGAAG,71847,ggtagcgaag,RI_DT_03,718470
GACGTTGCAG,88495,gacgttgcag,RI_DT_04,884950
ACCGACTGC,17235,accgactgc,RI_DT_07,172350
AGTCCGGAAG,46009,agtccggaag,RI_DT_09,460090
AGCGTACTC,43155,agcgtactc,RI_DT_10,431550
TTGATCGGC,188,ttgatcggc,RI_DT_21,1880
GAGGCGCAAG,41,gaggcgcaag,RI_DT_22,410
GGATCTCAAG,15039,ggatctcaag,RI_DT_24,150390
CAAGGTCAAG,20863,caaggtcaag,RI_LF_05,208630
GGCCGACGC,5062,ggccgacgc,HY_BM_01,50620
GTAGATGAAG,16041,gtagatgaag,HY_BM_03,160410
CGACCTCGC,33822,cgacctcgc,HY_BM_04,338220
GAGAGGTCTC,32971,gagaggtctc,HY_BM_05,329710